frame,shortest_euclidean,corresponding_column,corresponding_term
1,0.295252194029559,209,inhibitory_control
2,0.2891644324531977,89,default_mode
3,0.2253676432009128,89,default_mode
4,0.378091554005168,200,impulsivity
5,0.6943371440982457,107,distraction
6,0.1608409710979518,170,fluency
7,0.1242498451222145,170,fluency
8,0.0628482580672933,170,fluency
9,0.1744177440390925,170,fluency
10,0.1703957704518101,472,verbal
11,0.1028919006006635,437,strategies
12,0.2615856856502378,448,switching
13,0.5918644190001473,361,response_selection
14,0.1521615876790358,260,monitoring
15,0.218731851672706,260,monitoring
16,0.26402128226347,260,monitoring
17,0.267183112395233,207,inhibition
18,0.2072724662630046,208,inhibitory
19,0.2919004576952983,207,inhibition
20,0.2782476838893303,208,inhibitory
21,0.3749452939869903,207,inhibition
22,0.3234375465714819,260,monitoring
23,0.3515817990911141,208,inhibitory
24,0.3407323487812345,269,motor_performance
25,0.1091338270557553,170,fluency
26,0.089906424400864,86,decision_task
27,0.1730006521639186,287,nouns
28,0.1461581640654886,170,fluency
29,0.2893495195976432,170,fluency
30,0.2916998804537208,228,learned
31,0.2349916794055009,130,encoding_retrieval
32,0.1418548935722726,311,place
33,0.2441864894375914,49,category
34,0.3190343674719408,130,encoding_retrieval
35,0.3554749559586815,130,encoding_retrieval
36,0.2987543757693128,130,encoding_retrieval
37,0.4032080521203121,345,recognition_memory
38,0.3146067491729654,481,virtual
39,0.3614198988003874,481,virtual
40,0.1458632882781132,47,categories
41,0.3621669928552215,425,spatial_information
42,0.6234216471943328,215,intelligence
43,0.4740078877920079,460,time_task
44,0.3962245675454279,460,time_task
45,0.5055956131578512,175,gain
46,0.1511900373860623,177,gambling
47,0.2177429040203425,470,values
48,0.2398418261829036,305,personality_traits
49,0.1262975595253336,457,thought
50,0.0990235996147016,457,thought
51,0.2933364100102255,12,anxiety
52,0.3872691820979697,16,arousal
53,0.4911361642481361,428,speaking
54,0.3754590211440378,428,speaking
55,0.2502670631028848,238,listening
56,0.3746622623097779,294,oddball
57,0.3274736577601377,125,empathic
58,0.6462879413869425,72,consciousness
59,0.2279991458397788,130,encoding_retrieval
60,0.14722611078609,311,place
61,0.2113979434922376,280,navigation
62,0.212438428751693,280,navigation
63,0.1762881608475152,311,place
64,0.3398847768630643,481,virtual
65,0.1023088803478042,344,recognition
66,0.0877486765001208,311,place
67,0.1479205271538776,344,recognition
68,0.7562638836756168,308,picture
69,0.492013301131489,145,expression
70,0.306049773319081,9,angry
71,0.3754294247869097,190,head
72,0.1363301011535762,282,neutral_faces
73,0.1311885982925945,145,expression
74,0.2121371396284468,46,capture
75,0.2552549731788813,330,prime
76,0.11250905268524,154,face_recognition
77,0.2579124442280656,330,prime
78,0.1550124925070282,330,prime
79,0.1863553646844104,155,faces
80,0.3685252475041448,155,faces
81,0.2819352277583996,330,prime
82,0.2883989391175919,356,remembered
83,0.1506324980904833,429,speech
84,0.2285048885118851,431,speech_production
85,0.1054934735807345,170,fluency
86,0.0775569842391963,287,nouns
87,0.0449836762838555,86,decision_task
88,0.08563209345954,287,nouns
89,0.21352235475855,396,sentence_comprehension
90,0.2242559614206101,223,language
91,0.17338299581833,224,language_comprehension
92,0.3603926130735263,138,executive_function
93,0.6779114711556075,138,executive_function
94,0.2520698086245342,457,thought
95,0.3594886037614319,55,coherence
96,0.1817835045936707,89,default_mode
97,0.3094433622101373,304,personality
98,0.4871003460516249,304,personality
99,0.3181044582388588,181,goal
100,0.4154153907987964,304,personality
101,0.2846047081499127,304,personality
102,0.2721538909386188,304,personality
103,0.2264478640560158,282,neutral_faces
104,0.10433587988075,282,neutral_faces
105,0.3579731949767327,330,prime
106,0.267765507455498,331,priming
107,0.3074111157938794,130,encoding_retrieval
108,0.1663609832832961,228,learned
109,0.2256445929451112,170,fluency
110,0.1969219701667307,170,fluency
111,0.0238010341145694,287,nouns
112,0.0468772374551492,86,decision_task
113,0.0329025832692692,86,decision_task
114,0.076523412123374,504,words
115,0.277776530362137,306,phonological
116,0.5678702463253035,405,shifting
117,0.4093934669709952,125,empathic
118,0.3744613583143797,134,error
119,0.2776880577411438,134,error
120,0.2214709512208544,183,goals
121,0.1948934813278822,134,error
122,0.4493880916012485,207,inhibition
123,0.4113453648369649,460,time_task
124,0.6103949783353069,197,imagined
125,0.9616602442811892,91,delay
126,0.2921085215143242,243,matching_task
127,0.1750440564378452,228,learned
128,0.2638821908818107,249,memory_processes
129,0.2157433273591502,228,learned
130,0.3798003347835408,228,learned
131,0.322848010224513,130,encoding_retrieval
132,0.2592385077760991,280,navigation
133,0.5502222679258626,72,consciousness
134,0.4193248918383052,146,expressions
135,0.3933055247345124,146,expressions
136,0.240067793399921,344,recognition
137,0.2730272816184779,481,virtual
138,0.1974638726129538,280,navigation
139,0.194849124529522,130,encoding_retrieval
140,0.3547004253810824,442,subtraction
141,0.4017784345995334,361,response_selection
142,0.1368567024651094,270,motor_response
143,0.3115912116244027,270,motor_response
144,0.9137370903141236,442,subtraction
145,0.3359355606654812,82,cued
146,0.5914900007063636,197,imagined
147,0.7088675160585828,2,action
148,0.6462507552102493,2,action
149,0.2275201451216952,167,finger_movements
150,0.2893316345331093,167,finger_movements
151,0.3803485908673419,167,finger_movements
152,0.3045301080882927,167,finger_movements
153,0.323126099385486,407,short_term
154,0.2453835390359141,506,written
155,0.0898094847120852,504,words
156,0.2573794146821236,475,verbs
157,0.1879983181390548,60,comprehension
158,0.4009554569716776,60,comprehension
159,0.5381651778572655,72,consciousness
160,0.3405296926255843,158,facial_expressions
161,0.2861260792280455,356,remembered
162,0.2075696426054,130,encoding_retrieval
163,0.2673025722287315,506,written
164,0.1152741419509398,506,written
165,0.1022749210377035,170,fluency
166,0.0848215140923141,506,written
167,0.1669483349862898,506,written
168,0.5215621839392576,311,place
169,0.057942606665661,49,category
170,0.1521329181093096,49,category
171,0.5265024818975644,156,facial
172,0.4655640639751623,304,personality
173,0.2107952248878953,199,implicit
174,0.256737553496167,128,encoded
175,0.1917784893506843,481,virtual
176,0.2283805372084594,130,encoding_retrieval
177,0.1533018461338392,280,navigation
178,0.5918239697020408,125,empathic
179,0.3933467893158562,89,default_mode
180,0.3226657706922629,433,spontaneous
181,0.2392668892038634,200,impulsivity
182,0.4703060223731392,46,capture
183,0.4467125152638325,21,attend
184,0.4680041476992213,325,primary_auditory
185,0.2197033110588408,1,acoustic
186,0.2796449904075062,1,acoustic
187,0.177349066564471,1,acoustic
188,0.2382824837036472,1,acoustic
189,0.6116305826279802,433,spontaneous
190,0.5018080140148873,200,impulsivity
191,0.3359539178915882,304,personality
192,0.1941027048698176,378,salience
193,0.3788504493836149,470,values
194,0.4478072479939697,177,gambling
195,0.3766812240702215,181,goal
196,0.3060032921031733,181,goal
197,0.2880507312437658,183,goals
198,0.2389107125804602,181,goal
199,0.2824302346454181,181,goal
200,0.2243710534831924,181,goal
201,0.2908495371304531,181,goal
202,0.226612597215735,182,goal_directed
203,0.2648533480269381,183,goals
204,0.4066496249357093,135,errors
205,0.3548831265469335,84,decision
206,0.0996630645541893,172,foot
207,0.4542161929936885,460,time_task
208,0.4060647892191084,99,detecting
209,0.2190954167672348,484,visual_attention
210,0.263491283305047,483,visual
211,0.2113843779217869,478,videos
212,0.3596151115340544,21,attend
213,0.3661129098887276,179,gaze
214,0.3205844862546536,329,primary_visual
215,0.3675829515899767,21,attend
216,0.4042304332602601,382,selective
217,0.2706156810846257,47,categories
218,0.2400976544862797,47,categories
219,0.3306949862026592,130,encoding_retrieval
220,0.1484371419902863,311,place
221,0.1566009382732456,311,place
222,0.3836499167157178,344,recognition
223,0.2462856052548587,122,emotional_stimuli
224,0.2206415379312538,304,personality
225,0.454105401521604,304,personality
226,0.3279184010859279,183,goals
227,0.3213607690238373,140,expectancy
228,0.383556231142735,250,memory_retrieval
229,0.3203666681332073,481,virtual
230,0.2627484699904042,356,remembered
231,0.3448465514571876,455,theory_mind
232,0.4404211799296308,89,default_mode
233,0.3235535102557909,304,personality
234,0.2986726807995112,366,reward_anticipation
235,0.3240350357597221,402,sex
236,0.250006668974673,132,episodic
237,0.1953147861636608,130,encoding_retrieval
238,0.221803642793821,130,encoding_retrieval
239,0.3068367947597019,130,encoding_retrieval
240,0.1729247566676702,280,navigation
241,0.4702362270978878,216,intention
242,0.4209702043780937,39,belief
243,0.4182234686465753,39,belief
244,0.4745903981240567,99,detecting
245,0.3293043678297348,442,subtraction
246,0.5209830040870295,323,preparation
247,0.7140425619649499,323,preparation
248,0.1340427471528278,260,monitoring
249,0.2627479957791873,260,monitoring
250,0.29800633176958,260,monitoring
251,0.3365885531908441,260,monitoring
252,0.4062196058909794,270,motor_response
253,0.392540193110432,270,motor_response
254,0.4229780711737205,260,monitoring
255,0.3702732258644318,260,monitoring
256,0.3662458123275581,260,monitoring
257,0.4151459873482836,167,finger_movements
258,0.225602382075202,327,primary_sensorimotor
259,0.1613488986671898,78,coordination
260,0.1225065000316526,168,finger_tapping
261,0.1396956666927884,78,coordination
262,0.2054894588337668,78,coordination
263,0.7418709972867557,59,competition
264,0.1207505588586662,308,picture
265,0.1157589278099541,49,category
266,0.3580780776399504,220,judgment
267,0.4177596350596405,210,integrate
268,0.354902870039343,107,distraction
269,0.2535609110573897,473,verbal_fluency
270,0.1346107525373447,474,verbal_working
271,0.2772395202702263,201,incongruent
272,0.220692358754039,260,monitoring
273,0.1731921108929154,208,inhibitory
274,0.213542102654143,360,response_inhibition
275,0.3446618843395627,209,inhibitory_control
276,0.4314436561128613,207,inhibition
277,0.3891289093910561,207,inhibition
278,0.4769471892527564,209,inhibitory_control
279,0.4405582355765924,134,error
280,0.4610839489981458,209,inhibitory_control
281,0.4370141687588596,134,error
282,0.4431666921822633,134,error
283,0.3150261924702266,181,goal
284,0.4025888128987392,181,goal
285,0.2425675370366562,181,goal
286,0.3223516345076515,183,goals
287,0.438274236726742,134,error
288,0.4509761656201385,134,error
289,0.3089415506964775,208,inhibitory
290,0.1806596970646178,247,memory_load
291,0.5750151827341151,107,distraction
292,0.0957087369618322,130,encoding_retrieval
293,0.2164676847112592,130,encoding_retrieval
294,0.2689471864481577,130,encoding_retrieval
295,0.301139305294264,130,encoding_retrieval
296,0.2426048019422229,130,encoding_retrieval
297,0.3031817680250044,130,encoding_retrieval
298,0.3217816434019438,130,encoding_retrieval
299,0.3744378638252477,130,encoding_retrieval
300,0.4268052126272551,481,virtual
301,0.4013409411720817,130,encoding_retrieval
302,0.1041498993242872,311,place
303,0.3851582154636751,311,place
304,0.3771341806787142,130,encoding_retrieval
305,0.3891379302389871,130,encoding_retrieval
306,0.348366768344427,481,virtual
307,0.3853160741601504,130,encoding_retrieval
308,0.3725719653681584,130,encoding_retrieval
309,0.3983651633609588,345,recognition_memory
310,0.4015368267961373,345,recognition_memory
311,0.4276313265378401,345,recognition_memory
312,0.3450644330940886,130,encoding_retrieval
313,0.1889487186645484,130,encoding_retrieval
314,0.3117047308621413,130,encoding_retrieval
315,0.2332236656999335,130,encoding_retrieval
316,0.1666942892924973,280,navigation
317,0.2088698919590456,130,encoding_retrieval
318,0.1956116576379528,130,encoding_retrieval
319,0.1837889692311936,130,encoding_retrieval
320,0.2806604371682582,294,oddball
321,0.399468013303072,113,economic
322,0.4324578199311497,124,emotions
323,0.431275566016304,113,economic
324,0.5369710155205377,458,thoughts
325,0.2815822239327945,129,encoding
326,0.3067533579831036,345,recognition_memory
327,0.1698478383582757,228,learned
328,0.2577338901863941,249,memory_processes
329,0.2558772979965579,130,encoding_retrieval
330,0.2844962031114537,130,encoding_retrieval
331,0.2033106731400479,130,encoding_retrieval
332,0.2997407798019501,345,recognition_memory
333,0.3156485003317172,130,encoding_retrieval
334,0.3166583246015614,481,virtual
335,0.288672998765453,130,encoding_retrieval
336,0.2307546473755976,130,encoding_retrieval
337,0.268737133719,481,virtual
338,0.3121544504824994,280,navigation
339,0.2988575571298218,356,remembered
340,0.2897885024606264,162,fearful
341,0.1149650023243249,89,default_mode
342,0.2932579568842017,304,personality
343,0.5023531495337635,304,personality
344,0.2391943726995516,183,goals
345,0.1695779046929652,183,goals
346,0.4796505564199357,207,inhibition
347,0.4137890653967362,207,inhibition
348,0.288181506998771,460,time_task
349,0.463791447317259,350,recollection
350,0.2982664666388893,350,recollection
351,0.5664224021479158,19,associations
352,0.1376153555497135,80,craving
353,0.1957664196856473,80,craving
354,0.093182769085654,283,neutral_pictures
355,0.3618273611326244,153,face
356,0.2726076035872509,190,head
357,0.4981149113670099,5,addition
358,0.3508904368481663,209,inhibitory_control
359,0.295608289560492,209,inhibitory_control
360,0.209003046067828,408,signal_task
361,0.2141322727613934,260,monitoring
362,0.1952576015691748,260,monitoring
363,0.3723486100542801,207,inhibition
364,0.6349560492775288,209,inhibitory_control
365,0.3146102013994179,304,personality
366,0.5165327364348075,304,personality
367,0.0216239432032021,366,reward_anticipation
368,0.162336615664289,293,objects
369,0.0647552046469089,47,categories
370,0.393096464361769,481,virtual
371,0.2807899351857033,130,encoding_retrieval
372,0.2450770999030704,130,encoding_retrieval
373,0.2388789698579814,244,memories
374,0.2716546406720388,355,remember
375,0.276646854185868,124,emotions
376,0.464116210822466,304,personality
377,0.6211952675944306,89,default_mode
378,0.6819721697299851,5,addition
379,0.6095246642988024,39,belief
380,0.4122854071321721,417,social_interactions
381,0.5220870610164121,417,social_interactions
382,0.481850946313523,57,communication
383,0.4719919823543928,427,spatiotemporal
384,0.4112934982224713,466,unfamiliar
385,0.2645855096541538,311,place
386,0.2463234045411176,130,encoding_retrieval
387,0.2587389228560771,129,encoding
388,0.3098486909624214,130,encoding_retrieval
389,0.3383992056752438,481,virtual
390,0.3426634985356326,228,learned
391,0.4323956102119088,311,place
392,0.1975611795307787,159,familiar
393,0.2113483622792194,501,word_form
394,0.3318144402359176,501,word_form
395,0.4339653102875289,49,category
396,0.4435436058164169,353,relational
397,0.4459886198656965,353,relational
398,0.3326718371629242,170,fluency
399,0.3619075150683606,170,fluency
400,0.2537548817277337,170,fluency
401,0.2846817346797215,437,strategies
402,0.8473975849598394,91,delay
403,0.5667814720985832,138,executive_function
404,0.1610327157279232,183,goals
405,0.234574564498542,181,goal
406,0.2124543977253588,183,goals
407,0.3426175685964106,134,error
408,0.3775197189663016,207,inhibition
409,0.2990087488683751,207,inhibition
410,0.1715798491883074,208,inhibitory
411,0.2798661524917912,260,monitoring
412,0.2283366153750188,208,inhibitory
413,0.2100535585678448,207,inhibition
414,0.4356745602109871,207,inhibition
415,0.4558416525029264,207,inhibition
416,0.3242785611748594,51,choices
417,0.0865227616698363,283,neutral_pictures
418,0.4633957074289161,72,consciousness
419,0.2312014066700788,481,virtual
420,0.2100927417831251,481,virtual
421,0.1182599811007612,49,category
422,0.1611476755712819,49,category
423,0.2883791833402674,49,category
424,0.2464543072746972,344,recognition
425,0.3057575898204644,481,virtual
426,0.2139333188702652,481,virtual
427,0.2943540813766012,436,strategic
428,0.4336402314640896,120,emotional_information
429,0.2865719661261035,265,motivational
430,0.2948851903692635,89,default_mode
431,0.3155105158817686,304,personality
432,0.3025473278914168,89,default_mode
433,0.3017702187697339,89,default_mode
434,0.5036457792101756,366,reward_anticipation
435,0.1764749254669912,304,personality
436,0.1862294548827484,200,impulsivity
437,0.2155710773569188,33,autobiographical_memory
438,0.355897233620768,72,consciousness
439,0.2249811318773884,133,episodic_memory
440,0.2721623305031156,128,encoded
441,0.1885839524285017,481,virtual
442,0.2425676514956033,228,learned
443,0.3209835933089714,249,memory_processes
444,0.2591606214805974,228,learned
445,0.3201972497980173,130,encoding_retrieval
446,0.2814248300385361,130,encoding_retrieval
447,0.3361863577292484,130,encoding_retrieval
448,0.1988242660413073,311,place
449,0.0883881066981948,47,categories
450,0.1935802847615241,291,object
451,0.3180500782035063,38,awareness
452,0.4262617961545845,134,error
453,0.5294188124855281,207,inhibition
454,0.457358618499405,207,inhibition
455,0.2956085549136257,207,inhibition
456,0.2457344505049064,207,inhibition
457,0.3541028523431243,207,inhibition
458,0.3538970527160544,207,inhibition
459,0.2991126886415031,207,inhibition
460,0.4377804331666672,270,motor_response
461,0.2454257456927831,327,primary_sensorimotor
462,0.2226822819901656,78,coordination
463,0.3027309577377493,398,sequence
464,0.2188972258059252,170,fluency
465,0.0579085616729342,170,fluency
466,0.0649821819433056,170,fluency
467,0.1603228991314183,170,fluency
468,0.1729236247277124,506,written
469,0.116839646923344,170,fluency
470,0.2627790863865794,252,memory_tasks
471,0.4115844610068344,353,relational
472,0.2810681352136933,362,retention
473,0.1760582673158663,246,memory_encoding
474,0.1748127192007076,130,encoding_retrieval
475,0.2293493766149719,130,encoding_retrieval
476,0.2798063765867496,130,encoding_retrieval
477,0.2884334915406185,280,navigation
478,0.2251744014319765,356,remembered
479,0.3567834798147778,222,judgments
480,0.4360402973325368,455,theory_mind
481,0.0716027571195365,122,emotional_stimuli
482,0.2100672963857016,433,spontaneous
483,0.1528406921773369,304,personality
484,0.1684532179915932,334,prospective
485,0.1448944861049542,457,thought
486,0.6879245544056525,222,judgments
487,0.4739905814031751,245,memory
488,0.2053740766468434,322,preferences
489,0.3772959204887276,352,reinforcement
490,0.1593765554723364,135,errors
491,0.1744511815816948,265,motivational
492,0.2230022115652449,470,values
493,0.2884626437392213,470,values
494,0.0913439778042169,470,values
495,0.4867546654742083,304,personality
496,0.2915244258389488,304,personality
497,0.3568644738618121,304,personality
498,0.2630498872475645,304,personality
499,0.275975153927842,304,personality
500,0.3018154616086556,183,goals
501,0.2339442516066272,181,goal
502,0.2230810410767318,181,goal
503,0.453016649431789,89,default_mode
504,0.4120105739232149,89,default_mode
505,0.4712690218082522,209,inhibitory_control
506,0.3896456056744608,131,endogenous
507,0.2582535737840924,426,spatial_temporal
508,0.2227428879172677,27,attentional_control
509,0.2116890958116928,442,subtraction
510,0.4380297591055782,447,switch
511,0.3476684978406739,472,verbal
512,0.3949685210880624,95,demands
513,0.3935913869184704,407,short_term
514,0.4381349634287723,78,coordination
515,0.2148758177901089,260,monitoring
516,0.1392781253876572,208,inhibitory
517,0.3682071254990615,209,inhibitory_control
518,0.4028307560895802,209,inhibitory_control
519,0.3859488445805622,207,inhibition
520,0.4522364393880512,134,error
521,0.4051827627303279,134,error
522,0.50913619567577,89,default_mode
523,0.4549832852843737,209,inhibitory_control
524,0.3870817980077313,134,error
525,0.3855569739926864,134,error
526,0.388806611077126,134,error
527,0.3871747638497065,134,error
528,0.4477146992668047,134,error
529,0.4434394317968666,134,error
530,0.2697163363721581,207,inhibition
531,0.6939988368981328,247,memory_load
532,0.2108277044146044,228,learned
533,0.3473577942410649,228,learned
534,0.2603071478954818,130,encoding_retrieval
535,0.3691679999896745,481,virtual
536,0.1464895946054629,311,place
537,0.1475568269018568,344,recognition
538,0.1331047302157175,344,recognition
539,0.2855044489030329,311,place
540,0.381345964666633,311,place
541,0.4846873729917774,362,retention
542,0.5610351675770384,362,retention
543,0.5701805447354178,362,retention
544,0.8186290663038445,362,retention
545,0.3238837203418485,49,category
546,0.1753396527346019,47,categories
547,0.25386816516932,49,category
548,0.1940161726258585,47,categories
549,0.2436430174367253,237,listened
550,0.3876445341006879,469,value
551,0.2903912569607998,31,auditory_visual
552,0.3799767548099249,362,retention
553,0.4787977880547452,74,context
554,0.5048783790038582,289,novelty
555,0.2478389201392887,291,object
556,0.2923147092608368,291,object
557,0.2454243937005912,366,reward_anticipation
558,0.2396279130919808,71,conscious
559,0.2675770798288469,145,expression
560,0.3962813847504333,156,facial
561,0.2938766622194243,239,long_term
562,0.2724673812080823,130,encoding_retrieval
563,0.3800098462528268,228,learned
564,0.5609847027375842,506,written
565,0.5006051458297252,353,relational
566,0.5587191608196476,362,retention
567,0.5644960524801667,362,retention
568,0.5146227812874352,160,familiarity
569,0.416318152952979,345,recognition_memory
570,0.4600599516014861,506,written
571,0.2458968014531448,506,written
572,0.1385967980083374,506,written
573,0.1818019001483664,506,written
574,0.2406958485176973,306,phonological
575,0.4999102660086346,353,relational
576,0.135421323958787,47,categories
577,0.4170718295663433,466,unfamiliar
578,0.0893971849977465,307,photographs
579,0.2266833404944449,46,capture
580,0.2283715890649039,46,capture
581,0.152983421493377,154,face_recognition
582,0.115225720068913,311,place
583,0.3894056969116817,130,encoding_retrieval
584,0.4038865837984509,345,recognition_memory
585,0.4011818813426998,170,fluency
586,0.3189051115689799,170,fluency
587,0.2426477245405554,287,nouns
588,0.3817589971983309,287,nouns
589,0.2179208900512219,228,learned
590,0.1564225166304041,362,retention
591,0.3502955517256296,219,interference
592,0.3117767805236534,168,finger_tapping
593,0.3740052351765418,185,hand
594,0.3924197445215108,185,hand
595,0.2338915597744303,207,inhibition
596,0.3395635097685802,207,inhibition
597,0.8648238573645659,460,time_task
598,0.5260307709494825,207,inhibition
599,0.6664879666389897,134,error
600,0.689816151068161,460,time_task
601,0.5674452560686767,165,feelings
602,0.1859719846822047,1,acoustic
603,0.4095232151321207,125,empathic
604,0.6232772970957867,165,feelings
605,0.4446695458999356,38,awareness
606,0.1761383971149618,377,sad
607,0.2656609892418585,116,emotion
608,0.2536472197665761,37,avoidance
609,0.1685267653957073,87,decisions
610,0.3461851221248432,137,executive_control
611,0.1486208651298626,82,cued
612,0.245324023906563,474,verbal_working
613,0.171354623910705,77,control_processes
614,0.43761743316425,437,strategies
615,0.3446488556249831,228,learned
616,0.2439870196407776,228,learned
617,0.2662446312274443,228,learned
618,0.255620574576787,228,learned
619,0.1755440573708576,228,learned
620,0.1364151727999975,228,learned
621,0.783931497210809,353,relational
622,0.4075141618244909,353,relational
623,0.388265468223599,353,relational
624,0.4323177245039429,353,relational
625,0.406451893890922,353,relational
626,0.681611709413284,254,mental_imagery
627,0.2246083748627346,293,objects
628,0.243116963969961,47,categories
629,0.4016060602390361,308,picture
630,0.3256590782284671,56,color
631,0.405019901905574,494,visuomotor
632,0.4010506369175665,185,hand
633,0.2484762637194339,271,motor_responses
634,0.4949132326978417,207,inhibition
635,0.3612042837073443,444,suffering
636,0.1117052077597345,433,spontaneous
637,0.0850979115914131,89,default_mode
638,0.0793783686598358,89,default_mode
639,0.0956186397207712,433,spontaneous
640,0.1609330778482102,281,negative_emotional
641,0.3698996264619352,19,associations
642,0.216059689805428,128,encoded
643,0.2566572028152364,481,virtual
644,0.3181340745685616,47,categories
645,0.185080552143548,47,categories
646,0.3097111882412501,466,unfamiliar
647,0.2342713895643987,329,primary_visual
648,0.1149285579627892,155,faces
649,0.3073548648575648,154,face_recognition
650,0.4295431283524205,308,picture
651,0.3444721744142864,481,virtual
652,0.2814945860512759,481,virtual
653,0.2814567900093446,130,encoding_retrieval
654,0.2072098196115265,130,encoding_retrieval
655,0.1766705096692147,481,virtual
656,0.4559926193888513,153,face
657,0.3951674787964582,120,emotional_information
658,0.1593946839741084,183,goals
659,0.1897807469416759,183,goals
660,0.3256087877446255,183,goals
661,0.3780988732600429,177,gambling
662,0.0874695713231502,251,memory_task
663,0.4380212956438183,56,color
664,0.3708751221284007,487,visual_information
665,0.4313402774562977,5,addition
666,0.4865747493840041,181,goal
667,0.2249951596900758,366,reward_anticipation
668,0.4765659190847414,366,reward_anticipation
669,0.6392181500388282,209,inhibitory_control
670,0.6172370788199092,207,inhibition
671,0.361075162967468,207,inhibition
672,0.3438504441176335,209,inhibitory_control
673,0.4164167675962115,89,default_mode
674,0.3039199646777066,89,default_mode
675,0.2657516787394177,89,default_mode
676,0.2387820855863024,89,default_mode
677,0.2480547193601775,89,default_mode
678,0.3074582953570675,89,default_mode
679,0.3380477818948366,89,default_mode
680,0.4042846253501853,89,default_mode
681,0.4739103021084069,262,moral
682,0.3490448058032604,262,moral
683,0.2787765206951025,417,social_interactions
684,0.0861056637892412,119,emotional_faces
685,0.4204437661164968,157,facial_expression
686,0.1899410474809818,344,recognition
687,0.2762998145248683,130,encoding_retrieval
688,0.1577260782813517,249,memory_processes
689,0.2449019400504542,228,learned
690,0.2388371373244026,228,learned
691,0.284952139198048,228,learned
692,0.3682386586488743,130,encoding_retrieval
693,0.2890839699409311,130,encoding_retrieval
694,0.3572423854103189,481,virtual
695,0.275111670184262,129,encoding
696,0.4196314326620382,502,word_pairs
697,0.2286756243297808,207,inhibition
698,0.2998908839712032,207,inhibition
699,0.4266552849656212,207,inhibition
700,0.3678267052070352,207,inhibition
701,0.3072582374308505,207,inhibition
702,0.1662533352564129,260,monitoring
703,0.2741043240860675,209,inhibitory_control
704,0.2980672976756274,207,inhibition
705,0.538232743265673,460,time_task
706,0.4192660483660216,190,head
707,0.4318388897124136,330,prime
708,0.2859968516903357,190,head
709,0.263523666198115,354,relevance
710,0.3485330853515564,132,episodic
711,0.1256896376667911,228,learned
712,0.3167134732424421,252,memory_tasks
713,0.2017834531693384,252,memory_tasks
714,0.2618550269643481,170,fluency
715,0.2585750273386548,170,fluency
716,0.3075310373417736,228,learned
717,0.2366557746715831,130,encoding_retrieval
718,0.3468236446926852,108,distractor
719,0.291465063242934,219,interference
720,0.4242794258388314,407,short_term
721,0.2932257347103792,260,monitoring
722,0.1787964520637689,260,monitoring
723,0.223983377268668,408,signal_task
724,0.2893800633117011,207,inhibition
725,0.3549324593610961,209,inhibitory_control
726,0.4068321782566149,207,inhibition
727,0.4509520002343516,209,inhibitory_control
728,0.4195341185041983,209,inhibitory_control
729,0.4256794619842618,134,error
730,0.2708240666939583,181,goal
731,0.2828034074495271,183,goals
732,0.303216518609022,134,error
733,0.2436692045229319,181,goal
734,0.3869365156197897,134,error
735,0.4498584612622505,134,error
736,0.2563959650536122,207,inhibition
737,0.3743655283690068,207,inhibition
738,0.4062624500098103,207,inhibition
739,0.4136405831105012,207,inhibition
740,0.16574233592972,209,inhibitory_control
741,0.3890084527607572,499,wm_task
742,0.2807983462337172,94,demanding
743,0.1217613136649953,217,intentional
744,0.2028513156326114,27,attentional_control
745,0.2116310305794634,297,oriented
746,0.5212397877426008,138,executive_function
747,0.4328331386736952,286,nogo
748,0.1226905647386235,207,inhibition
749,0.3145513924531084,207,inhibition
750,0.3295135944163941,207,inhibition
751,0.3609054216883623,183,goals
752,0.3478660928665208,183,goals
753,0.6090423770247297,215,intelligence
754,0.183760070321566,280,navigation
755,0.3081886544230131,130,encoding_retrieval
756,0.3313505078771986,130,encoding_retrieval
757,0.3211000707372472,130,encoding_retrieval
758,0.3326363888546089,130,encoding_retrieval
759,0.3744945234764774,130,encoding_retrieval
760,0.2940940774391075,130,encoding_retrieval
761,0.3451604461033847,130,encoding_retrieval
762,0.4263670044460689,130,encoding_retrieval
763,0.375041918380466,130,encoding_retrieval
764,0.3622657965894892,481,virtual
765,0.4059888819935402,130,encoding_retrieval
766,0.5241789298274291,481,virtual
767,0.4300152692838569,500,word
768,0.2551080575774143,287,nouns
769,0.2242607491509751,506,written
770,0.2228454202784612,170,fluency
771,0.0384930236038448,170,fluency
772,0.1087441864305502,287,nouns
773,0.2310614490916616,287,nouns
774,0.1610934603793387,287,nouns
775,0.1830125504993772,287,nouns
776,0.2802825229448543,506,written
777,0.526714328941003,130,encoding_retrieval
778,0.555705764756628,353,relational
779,0.0540297958555346,47,categories
780,0.3453420460446602,427,spatiotemporal
781,0.4312885902702341,427,spatiotemporal
782,0.2345094640049589,49,category
783,0.4559265954244225,345,recognition_memory
784,0.3106851413990868,287,nouns
785,0.3004708900592358,287,nouns
786,0.3985010649228095,345,recognition_memory
787,0.2775566880841318,308,picture
788,0.5232691571850195,46,capture
789,0.4010019335473998,330,prime
790,0.0797304326456494,154,face_recognition
791,0.5300725830041156,427,spatiotemporal
792,0.1335135121256112,280,navigation
793,0.2453285112104894,130,encoding_retrieval
794,0.2678342448877389,228,learned
795,0.2030802488462655,228,learned
796,0.1472478939004306,228,learned
797,0.1892638377382662,228,learned
798,0.3116676331682201,130,encoding_retrieval
799,0.3148028910142958,130,encoding_retrieval
800,0.302943092706486,466,unfamiliar
801,0.3663400010007243,366,reward_anticipation
802,0.2612857004912897,2,action
803,0.1061188998131435,201,incongruent
804,0.2043122814724261,361,response_selection
805,0.1627390973284877,260,monitoring
806,0.0781926194081329,208,inhibitory
807,0.3246305581412011,209,inhibitory_control
808,0.404825110559208,207,inhibition
809,0.6437675703357705,89,default_mode
810,0.6539608605566471,89,default_mode
811,0.5523298091492921,181,goal
812,0.6373016736016863,89,default_mode
813,0.4609883864107281,134,error
814,0.4546172418745586,207,inhibition
815,0.4755354910350403,207,inhibition
816,0.4807068890677701,207,inhibition
817,0.4815935110169348,207,inhibition
818,0.4063970175542964,207,inhibition
819,0.2575829268259644,207,inhibition
820,0.2670915005392039,207,inhibition
821,0.274238157569239,207,inhibition
822,0.1950966743588685,208,inhibitory
823,0.2000427906887956,361,response_selection
824,0.1744768950126451,212,integrating
825,0.3716376173173744,443,success
826,0.4361470112728532,362,retention
827,0.2464267342945801,228,learned
828,0.1506164581969169,130,encoding_retrieval
829,0.5757724249279905,437,strategies
830,0.4685636915272772,437,strategies
831,0.1402538313545388,228,learned
832,0.2168271666652351,170,fluency
833,0.22572106682795,506,written
834,0.1469157366871434,228,learned
835,0.1419688250617554,130,encoding_retrieval
836,0.3099031482638706,130,encoding_retrieval
837,0.2189467981344841,308,picture
838,0.4471665079284476,321,preference
839,0.2910610252522623,179,gaze
840,0.3915766186612746,382,selective
841,0.3265232309809535,422,space
842,0.2274133797941225,173,form
843,0.1615825577560616,466,unfamiliar
844,0.0758253796267025,49,category
845,0.3787455395078649,130,encoding_retrieval
846,0.3203208957371587,130,encoding_retrieval
847,0.308624231951558,228,learned
848,0.2910900755888199,228,learned
849,0.299879628919825,228,learned
850,0.3562371069184595,130,encoding_retrieval
851,0.4253941697921092,130,encoding_retrieval
852,0.3694275580477651,311,place
853,0.55104885894477,130,encoding_retrieval
854,0.5994975751443261,160,familiarity
855,0.6044906823592117,506,written
856,0.3419266745006081,287,nouns
857,0.2358887575109184,287,nouns
858,0.0357950831282092,170,fluency
859,0.4102432633952992,279,naming
860,0.4119198159169991,18,association
861,0.3702615186275375,134,error
862,0.5164659936090246,258,monetary_reward
863,0.4247726876742127,366,reward_anticipation
864,0.3465720329715211,304,personality
865,0.2286361453678228,173,form
866,0.3440338785388755,23,attending
867,0.2290977014105807,184,grasping
868,0.3669246790017653,453,target_detection
869,0.2873739564560179,184,grasping
870,0.4834895656273964,88,decoding
871,0.3774301151726049,127,encode
872,0.2567213514085923,170,fluency
873,0.3199551753693919,170,fluency
874,0.294335442621067,228,learned
875,0.3744194011640721,362,retention
876,0.358338694987646,228,learned
877,0.3348930839306528,130,encoding_retrieval
878,0.3403244897818958,130,encoding_retrieval
879,0.3376074539139637,345,recognition_memory
880,0.2851332121038147,228,learned
881,0.1450220133343385,228,learned
882,0.1934791169363799,228,learned
883,0.2046156030543704,130,encoding_retrieval
884,0.2603956681500558,256,mnemonic
885,0.2369926194050323,256,mnemonic
886,0.3052566495610088,350,recollection
887,0.266368390667091,19,associations
888,0.2673749474806158,189,happy_faces
889,0.4046336988630799,162,fearful
890,0.3101364622144486,344,recognition
891,0.1848491323363186,311,place
892,0.3426583808307963,130,encoding_retrieval
893,0.377344753337,130,encoding_retrieval
894,0.2748933980249034,228,learned
895,0.3093969501431136,287,nouns
896,0.362380675605736,472,verbal
897,0.2716467495224676,197,imagined
898,0.2861908728832736,500,word
899,0.373318968516336,506,written
900,0.4639817264586679,130,encoding_retrieval
901,0.2533975132140474,159,familiar
902,0.2300853754610568,49,category
903,0.3898766260435757,481,virtual
904,0.3412351068902528,130,encoding_retrieval
905,0.2983705441919277,228,learned
906,0.3349228552913291,170,fluency
907,0.4664306214088508,353,relational
908,0.4253996264794117,209,inhibitory_control
909,0.4538767592388364,207,inhibition
910,0.3974621216302713,207,inhibition
911,0.4713721522252505,207,inhibition
912,0.6273464197928806,89,default_mode
913,0.4953071999744474,89,default_mode
914,0.3990215220092531,89,default_mode
915,0.4330531222773285,89,default_mode
916,0.3734822006264807,183,goals
917,0.404332470242041,207,inhibition
918,0.401474989207239,207,inhibition
919,0.5395681215497734,207,inhibition
920,0.4152910928811961,207,inhibition
921,0.3627857611181596,207,inhibition
922,0.70897931819367,209,inhibitory_control
923,0.1664192612869156,415,social_cognitive
924,0.0672773021291336,415,social_cognitive
925,0.2239492672989752,89,default_mode
926,0.3718079159921222,183,goals
927,0.5577807207851672,323,preparation
928,0.3478614343044485,247,memory_load
929,0.217893097370428,270,motor_response
930,0.1224124056377139,208,inhibitory
931,0.4494251976211127,207,inhibition
932,0.2541880831697523,182,goal_directed
933,0.2315412945886864,181,goal
934,0.2173208659183561,181,goal
935,0.2613502702381973,183,goals
936,0.2406643028140128,183,goals
937,0.2226958739128204,181,goal
938,0.2803577140928808,183,goals
939,0.217005483641329,181,goal
940,0.2912673766371249,183,goals
941,0.2079669904764672,181,goal
942,0.4315773932331944,134,error
943,0.4271434535492041,209,inhibitory_control
944,0.4648881593842884,209,inhibitory_control
945,0.2943097595953543,267,motor_control
946,0.2331303730022005,252,memory_tasks
947,0.2557731228917497,170,fluency
948,0.3529380526466138,170,fluency
949,0.235637513106668,228,learned
950,0.1706137491160148,228,learned
951,0.2778618351593731,130,encoding_retrieval
952,0.3273422359617851,481,virtual
953,0.2784650474785864,481,virtual
954,0.3150813272189791,130,encoding_retrieval
955,0.2860900375688975,130,encoding_retrieval
956,0.3103780009846056,130,encoding_retrieval
957,0.2665269404432866,130,encoding_retrieval
958,0.4076210050655097,130,encoding_retrieval
959,0.3873823618847496,130,encoding_retrieval
960,0.3687329204853104,481,virtual
961,0.3462260967445334,311,place
962,0.294206192019028,344,recognition
963,0.0887917901066673,122,emotional_stimuli
964,0.1440817087892295,377,sad
965,0.3730182798218452,334,prospective
966,0.2498414259643762,304,personality
967,0.3607655070520584,304,personality
968,0.1468053287984261,334,prospective
969,0.1331472145923183,80,craving
970,0.2512737009036994,378,salience
971,0.2804634670560328,468,valence
972,0.2048176025274482,468,valence
973,0.2043507999807006,189,happy_faces
974,0.2866826644672877,33,autobiographical_memory
975,0.2830794371824938,19,associations
976,0.3589952124941832,33,autobiographical_memory
977,0.2066549449301326,80,craving
978,0.2629489094975838,118,emotional
979,0.2694917118750877,112,eating
980,0.3180761002177377,80,craving
981,0.5068257481839945,116,emotion
982,0.3205378648160367,350,recollection
983,0.1550443844657797,129,encoding
984,0.2658498714343593,130,encoding_retrieval
985,0.2779762607170221,345,recognition_memory
986,0.3021117882757423,481,virtual
987,0.2927674787851239,256,mnemonic
988,0.3811639244094112,356,remembered
989,0.157220385848082,378,salience
990,0.1104448819075143,89,default_mode
991,0.1876242788561537,89,default_mode
992,0.2500019747857771,177,gambling
993,0.3305911545128926,444,suffering
994,0.8396102598774772,57,communication
995,0.3973484337311253,100,detection
996,0.3119016038743718,100,detection
997,0.526657620662286,100,detection
998,0.4007037767637428,5,addition
999,0.632862818070692,209,inhibitory_control
1000,0.4532052843850622,262,moral
1001,0.340690551158451,209,inhibitory_control
1002,0.5023672272304666,183,goals
1003,0.3649836801512875,319,predictions
1004,0.7523289016044896,491,visual_stimulus
1005,0.4827280542539639,181,goal
1006,0.2723078250810654,183,goals
1007,0.3415484190133304,183,goals
1008,0.2208689829931599,260,monitoring
1009,0.474458175866668,185,hand
1010,0.2279129927583745,4,actions
1011,0.1500756632652329,184,grasping
1012,0.2825496100014304,109,distractors
1013,0.5611935573856116,214,integrative
1014,0.3285994697403839,127,encode
1015,0.3112307422047004,353,relational
1016,0.295097278818661,353,relational
1017,0.3564592983965882,252,memory_tasks
1018,0.3205672611511589,506,written
1019,0.1958951267426108,170,fluency
1020,0.1890879736656276,170,fluency
1021,0.180323623333524,170,fluency
1022,0.409986927291962,407,short_term
1023,0.5525529021314477,407,short_term
1024,0.5416470749937251,17,articulatory
1025,0.3036660407516476,407,short_term
1026,0.4806010367692616,197,imagined
1027,0.7293133422756712,197,imagined
1028,0.2923853349026724,3,action_observation
1029,0.3570758667697093,3,action_observation
1030,0.3672095344319158,446,sustained
1031,0.4643329036496098,2,action
1032,0.3043381724684826,78,coordination
1033,0.4088295938856821,270,motor_response
1034,0.4045078787259397,260,monitoring
1035,0.3934375845510416,260,monitoring
1036,0.1451198018956493,172,foot
1037,0.191213208500136,197,imagined
1038,0.3960200656048988,228,learned
1039,0.1918712490827427,228,learned
1040,0.1882690059540996,228,learned
1041,0.2368767946083186,228,learned
1042,0.331142282093038,228,learned
1043,0.369734394380024,170,fluency
1044,0.2804190044786041,353,relational
1045,0.2663083855803012,353,relational
1046,0.3411653107532752,45,capacity
1047,0.3967895269189909,44,calculation
1048,0.5350363539233631,446,sustained
1049,0.3642097740990533,446,sustained
1050,0.4277079254229901,67,conflicting
1051,0.3330742354891262,252,memory_tasks
1052,0.1887570840659976,170,fluency
1053,0.303012108422822,353,relational
1054,0.4477552880016347,67,conflicting
1055,0.2916046047176293,241,match
1056,0.3112125309604696,108,distractor
1057,0.2901015258203256,24,attention
1058,0.3188408453333486,489,visual_perception
1059,0.3538310390267127,244,memories
1060,0.3381802595100792,132,episodic
1061,0.3049233887399482,133,episodic_memory
1062,0.3427144759508241,350,recollection
1063,0.231612585078338,19,associations
1064,0.3021878844371717,283,neutral_pictures
1065,0.22140720888187,468,valence
1066,0.309971303940585,199,implicit
1067,0.2032663747686526,244,memories
1068,0.1996509711980968,356,remembered
1069,0.3907340624835729,350,recollection
1070,0.446481754357857,19,associations
1071,0.3004271664454099,457,thought
1072,0.1686011625917257,334,prospective
1073,0.4284746205765328,304,personality
1074,0.2927826324717745,304,personality
1075,0.2579139865482567,304,personality
1076,0.3012105519340438,304,personality
1077,0.4848587835366624,304,personality
1078,0.4173395177467081,304,personality
1079,0.4262275079437615,304,personality
1080,0.172883974877301,334,prospective
1081,0.1336606103653691,80,craving
1082,0.1334091575159297,350,recollection
1083,0.2681214437164467,501,word_form
1084,0.4958117198482286,492,visual_word
1085,0.3652539672307573,501,word_form
1086,0.37786377639168,47,categories
1087,0.4753589520967768,311,place
1088,0.5061975281917568,160,familiarity
1089,0.235450827420846,130,encoding_retrieval
1090,0.1611442556959913,130,encoding_retrieval
1091,0.1208196525171612,130,encoding_retrieval
1092,0.2331183145680816,228,learned
1093,0.239867465045948,249,memory_processes
1094,0.2444396062180816,130,encoding_retrieval
1095,0.3243421204846681,436,strategic
1096,0.2637496089126363,72,consciousness
1097,0.0986765362321967,283,neutral_pictures
1098,0.3125884948452628,33,autobiographical_memory
1099,0.1914859313333364,350,recollection
1100,0.1560605136991462,350,recollection
1101,0.3451859648718423,259,money
1102,0.1627555783573704,135,errors
1103,0.3294520487885765,265,motivational
1104,0.3054202010855288,177,gambling
1105,0.0683600442783873,177,gambling
1106,0.9797356762047836,39,belief
1107,0.3186827531064859,14,arithmetic
1108,0.4611203890105954,197,imagined
1109,0.6052746604862524,127,encode
1110,0.3323437890410931,353,relational
1111,0.3530136198957976,353,relational
1112,0.2380145069852564,353,relational
1113,0.5140936761534376,74,context
1114,0.2400071355708193,241,match
1115,0.2217813198593533,95,demands
1116,0.3606264782002082,67,conflicting
1117,0.3866831020990598,67,conflicting
1118,0.3860337650843649,67,conflicting
1119,0.3584311746911937,107,distraction
1120,0.2964954972367745,442,subtraction
1121,0.3806511326221982,148,eye_field
1122,0.3433227628714507,323,preparation
1123,0.5956869405499634,323,preparation
1124,0.327772264941697,167,finger_movements
1125,0.4744736805340911,167,finger_movements
1126,0.2764967789750999,407,short_term
1127,0.1846822198512338,197,imagined
1128,0.3262793635949007,201,incongruent
1129,0.2367654210448921,108,distractor
1130,0.2734434377124294,446,sustained
1131,0.170534634215857,108,distractor
1132,0.5109221071694684,446,sustained
1133,0.350995945118656,210,integrate
1134,0.3720627560376424,210,integrate
1135,0.2996747217810992,353,relational
1136,0.4054740561697866,353,relational
1137,0.3417042994797709,127,encode
1138,0.5779716300715413,362,retention
1139,0.32364144591071,254,mental_imagery
1140,0.3755831077263589,446,sustained
1141,0.2178523659672316,442,subtraction
1142,0.5152011628139105,3,action_observation
1143,0.358341645312366,4,actions
1144,0.5621837793972534,2,action
1145,0.0529556026776928,86,decision_task
1146,0.1026784019952173,504,words
1147,0.0629519563125378,504,words
1148,0.1272597224517356,170,fluency
1149,0.3242614996521602,170,fluency
1150,0.4568961639762764,130,encoding_retrieval
1151,0.198296387992928,49,category
1152,0.2007224834119722,311,place
1153,0.2136091975242085,481,virtual
1154,0.2838798742948694,481,virtual
1155,0.3485880386220736,350,recollection
1156,0.3139427805238841,133,episodic_memory
1157,0.2465084492610992,256,mnemonic
1158,0.0792084031841807,129,encoding
1159,0.266073173393203,364,retrieved
1160,0.2470613553860302,256,mnemonic
1161,0.294201870892838,133,episodic_memory
1162,0.4909470595948616,350,recollection
1163,0.1532557476382078,281,negative_emotional
1164,0.1306514275998193,304,personality
1165,0.1248073138946088,200,impulsivity
1166,0.1078578016026587,304,personality
1167,0.1750645204174369,304,personality
1168,0.4050408275616908,334,prospective
1169,0.2478179521521478,33,autobiographical_memory
1170,0.4591997588931776,283,neutral_pictures
1171,0.314479333999407,73,consolidation
1172,0.3391830043307299,20,associative
1173,0.040768994830531,287,nouns
1174,0.2410457476182378,252,memory_tasks
1175,0.2970206719398585,95,demands
1176,0.5473172716116039,139,executive_functions
1177,0.2124145534924422,260,monitoring
1178,0.1994767256943894,207,inhibition
1179,0.2983048207054533,207,inhibition
1180,0.5041932300061611,207,inhibition
1181,0.5163491941088574,207,inhibition
1182,0.3625014558218705,134,error
1183,0.2850758889749372,182,goal_directed
1184,0.2733344394843708,182,goal_directed
1185,0.2762948957935033,182,goal_directed
1186,0.3212591706160982,182,goal_directed
1187,0.2662180571963182,182,goal_directed
1188,0.27579354911537,183,goals
1189,0.2978087922072154,182,goal_directed
1190,0.2464110216196093,183,goals
1191,0.2478310443223161,183,goals
1192,0.2389958247683831,183,goals
1193,0.4089270021588192,181,goal
1194,0.1310631340402757,457,thought
1195,0.7301558353125166,244,memories
1196,0.1630082862350008,280,navigation
1197,0.2607440331739173,280,navigation
1198,0.3564692421684886,481,virtual
1199,0.3018549015039514,130,encoding_retrieval
1200,0.2865961096894964,228,learned
1201,0.2987557288893165,362,retention
1202,0.3019448855068448,130,encoding_retrieval
1203,0.3187711897997697,130,encoding_retrieval
1204,0.2437271652467276,130,encoding_retrieval
1205,0.2764856353416683,130,encoding_retrieval
1206,0.3071745480930226,130,encoding_retrieval
1207,0.301461646298358,129,encoding
1208,0.3758039586866837,130,encoding_retrieval
1209,0.3149588603018869,311,place
1210,0.3776292374372885,311,place
1211,0.230756592873484,47,categories
1212,0.313553198546389,425,spatial_information
1213,0.3673283928251384,291,object
1214,0.0786484318107722,47,categories
1215,0.3188444651053647,311,place
1216,0.1434879147067869,228,learned
1217,0.1953351786587095,228,learned
1218,0.856562017178937,74,context
1219,0.2033599903976245,237,listened
1220,0.3054699959767809,276,music
1221,0.3008688729735064,238,listening
1222,0.3331959039054625,276,music
1223,0.4810827897497612,461,timing
1224,0.5641154337948351,465,touch
1225,0.5875443023342489,260,monitoring
1226,0.6044220324667414,260,monitoring
1227,0.3909435764812335,235,limb
1228,0.3754161746430724,310,pitch
1229,0.2235966217935839,126,empathy
1230,0.3491653705214992,472,verbal
1231,0.4465515178925144,17,articulatory
1232,0.118539177261689,480,violations
1233,0.1958116960010692,108,distractor
1234,0.6400746868483853,79,covert
1235,0.8341550718797274,362,retention
1236,0.4445794787134835,160,familiarity
1237,0.2870249725875824,249,memory_processes
1238,0.3003283834607172,345,recognition_memory
1239,0.2704285667596288,130,encoding_retrieval
1240,0.292189299033224,130,encoding_retrieval
1241,0.4682979560505098,146,expressions
1242,0.0900160515051195,8,anger
1243,0.1305326788324779,8,anger
1244,0.1239705205999918,8,anger
1245,0.0838348743010892,8,anger
1246,0.1377138692554698,119,emotional_faces
1247,0.0680743655021268,8,anger
1248,0.1499216517327476,200,impulsivity
1249,0.1471963888947605,89,default_mode
1250,0.1801082552864872,89,default_mode
1251,0.2499181343229517,304,personality
1252,0.2074057260013825,89,default_mode
1253,0.189612836970655,89,default_mode
1254,0.2633397683169778,89,default_mode
1255,0.2482959772316984,89,default_mode
1256,0.236768790065774,89,default_mode
1257,0.2193979730324364,89,default_mode
1258,0.3019593858932075,304,personality
1259,0.2230653777296745,89,default_mode
1260,0.1291044673040324,89,default_mode
1261,0.1184344682333437,89,default_mode
1262,0.173949567162718,304,personality
1263,0.21109322948367,304,personality
1264,0.1625457947965842,89,default_mode
1265,0.2190100918804045,304,personality
1266,0.2897287298367606,304,personality
1267,0.5597647938506569,304,personality
1268,0.347135035869953,207,inhibition
1269,0.3699973930950495,209,inhibitory_control
1270,0.370218646597334,209,inhibitory_control
1271,0.3419108664183181,209,inhibitory_control
1272,0.4056387367619216,207,inhibition
1273,0.5269259750782815,176,gains
1274,0.475437366411599,411,skin
1275,0.1975491874418927,178,game
1276,0.438996182907048,181,goal
1277,0.5547640239093192,411,skin
1278,0.3210017211210819,371,risky
1279,0.464750626838458,10,anticipation
1280,0.1786877316448199,84,decision
1281,0.1755101176933413,204,inference
1282,0.2438753900436061,256,mnemonic
1283,0.3686802489992121,130,encoding_retrieval
1284,0.3004114292781278,130,encoding_retrieval
1285,0.3460489208096324,481,virtual
1286,0.3304587660377328,481,virtual
1287,0.3516624362637489,481,virtual
1288,0.3687587859188199,481,virtual
1289,0.3471010637980261,130,encoding_retrieval
1290,0.9693011721009162,275,multisensory
1291,0.3559627896823647,388,semantics
1292,0.2863771320039837,480,violations
1293,0.121009139455939,170,fluency
1294,0.1705885393317905,170,fluency
1295,0.216493703760662,170,fluency
1296,0.3102240155654299,170,fluency
1297,0.3857057392212712,170,fluency
1298,0.3832814803729222,170,fluency
1299,0.5064187952469084,170,fluency
1300,0.1650438497578719,362,retention
1301,0.3302974583825614,250,memory_retrieval
1302,0.7287218887864844,176,gains
1303,0.3258161308494339,183,goals
1304,0.6267130818437053,304,personality
1305,0.4213803070560112,304,personality
1306,0.3663542982793012,89,default_mode
1307,0.5825542050704483,89,default_mode
1308,0.5298890025522793,89,default_mode
1309,0.3702719744140856,207,inhibition
1310,0.1557169449437288,139,executive_functions
1311,0.2558435651802096,139,executive_functions
1312,0.1175924196612242,137,executive_control
1313,0.4890154439115282,84,decision
1314,0.3710401566419503,460,time_task
1315,0.550610785191424,207,inhibition
1316,0.5806530080297475,460,time_task
1317,0.1647270200671436,134,error
1318,0.2446849651599808,183,goals
1319,0.1952461492339688,183,goals
1320,0.1332070756209606,258,monetary_reward
1321,0.2589675837288713,162,fearful
1322,0.3522606157359832,244,memories
1323,0.299565855023281,330,prime
1324,0.2145975348047361,145,expression
1325,0.0592045046394584,145,expression
1326,0.1558885046522334,413,social
1327,0.1854933981045755,89,default_mode
1328,0.1790429048064548,89,default_mode
1329,0.1848132229705036,89,default_mode
1330,0.2182719191607093,89,default_mode
1331,0.3091650646289098,304,personality
1332,0.3092063933976751,304,personality
1333,0.439325066492768,181,goal
1334,0.3410693051601032,181,goal
1335,0.3643987346615177,304,personality
1336,0.4004299074701904,366,reward_anticipation
1337,0.286643685233318,177,gambling
1338,0.3472359541200993,248,memory_performance
1339,0.2279678167089554,356,remembered
1340,0.2471656178661911,356,remembered
1341,0.2887328278648393,132,episodic
1342,0.1911258002686207,283,neutral_pictures
1343,0.3909580855267913,116,emotion
1344,0.1943537697085298,238,listening
1345,0.413338115893714,460,time_task
1346,0.60748350581876,460,time_task
1347,0.4994513042090657,207,inhibition
1348,0.2143255676208659,181,goal
1349,0.534047813278708,366,reward_anticipation
1350,0.2770405028803432,265,motivational
1351,0.4687370540692793,362,retention
1352,0.5122870349476946,506,written
1353,0.2804605798719111,170,fluency
1354,0.2480827465155654,74,context
1355,0.2418929252799546,191,heard
1356,0.2473802585146373,432,spoken
1357,0.2304164743077063,228,learned
1358,0.3729011381968352,252,memory_tasks
1359,0.2874500991923471,228,learned
1360,0.2831299699140911,343,recall
1361,0.2461641362865332,224,language_comprehension
1362,0.5833186332881327,300,pain
1363,0.3894029748086866,207,inhibition
1364,0.4238418666215389,207,inhibition
1365,0.3309794562343308,207,inhibition
1366,0.4839447194051214,295,oral
1367,0.182851520715768,172,foot
1368,0.4105795864618817,270,motor_response
1369,0.3135768464025374,260,monitoring
1370,0.3583928746715306,270,motor_response
1371,0.2921289764306612,260,monitoring
1372,0.324361326365602,247,memory_load
1373,0.3464964449377345,170,fluency
1374,0.2332322552794408,228,learned
1375,0.2009773095589745,228,learned
1376,0.3205462765797081,345,recognition_memory
1377,0.3022340876204639,362,retention
1378,0.3281536407349212,130,encoding_retrieval
1379,0.4125996415078072,481,virtual
1380,0.272317739122059,311,place
1381,0.4083225995255886,481,virtual
1382,0.2504234123939679,362,retention
1383,0.3011762289358252,228,learned
1384,0.4804417839739917,127,encode
1385,0.3619880282837272,398,sequence
1386,0.1957609653059122,186,hand_movements
1387,0.5066123288277297,270,motor_response
1388,0.2448534580977248,183,goals
1389,0.4373464571810753,304,personality
1390,0.4654471584303332,304,personality
1391,0.3039799323145373,444,suffering
1392,0.1355093668252149,258,monetary_reward
1393,0.2328581918422235,322,preferences
1394,0.2355954376169695,356,remembered
1395,0.2323740939058765,128,encoded
1396,0.2390656364672949,128,encoded
1397,0.2252140758349966,128,encoded
1398,0.2249365422557472,128,encoded
1399,0.2178544844501792,280,navigation
1400,0.3604394525798762,481,virtual
1401,0.3656644531136338,481,virtual
1402,0.3357986424761622,130,encoding_retrieval
1403,0.3639313115718766,481,virtual
1404,0.3083731917800693,130,encoding_retrieval
1405,0.3355453894031747,481,virtual
1406,0.2827872651208866,49,category
1407,0.2637051291426284,49,category
1408,0.1304732411004792,311,place
1409,0.1672371125824526,311,place
1410,0.3498680254292598,481,virtual
1411,0.3525530408913213,130,encoding_retrieval
1412,0.5028202262032514,353,relational
1413,0.3707232567513271,170,fluency
1414,0.3794070407808921,170,fluency
1415,0.4818688059990231,170,fluency
1416,0.3695507384231576,170,fluency
1417,0.2463381473321876,170,fluency
1418,0.2247132327879511,506,written
1419,0.399500254810802,254,mental_imagery
1420,0.5847125968908335,39,belief
1421,0.7354819145241216,125,empathic
1422,0.5238974957746115,165,feelings
1423,0.7021269176689805,245,memory
1424,0.219272258517724,249,memory_processes
1425,0.2440198632644216,362,retention
1426,0.3493051740346651,440,stroop
1427,0.2520565045314506,286,nogo
1428,0.3739704773206425,134,error
1429,0.3575052670355728,181,goal
1430,0.2318611272096542,459,threatening
1431,0.202698038671037,280,navigation
1432,0.2819749052280574,356,remembered
1433,0.3157844593431481,356,remembered
1434,0.4004765843912964,188,happy
1435,0.3096963698809217,459,threatening
1436,0.7475312887826282,5,addition
1437,0.3511839994961123,271,motor_responses
1438,0.1882073666409126,78,coordination
1439,0.2127247557587297,114,effort
1440,0.2824179165424418,407,short_term
1441,0.2089409318492472,252,memory_tasks
1442,0.3259408880988031,362,retention
1443,0.1738401721955571,228,learned
1444,0.2176786811203481,130,encoding_retrieval
1445,0.2562307565248146,130,encoding_retrieval
1446,0.2653693527067798,130,encoding_retrieval
1447,0.3689861833669441,170,fluency
1448,0.3581548688088143,170,fluency
1449,0.4654541327282816,170,fluency
1450,0.2854985329213607,170,fluency
1451,0.0635521362648017,170,fluency
1452,0.0912209259286583,170,fluency
1453,0.3373040141113836,252,memory_tasks
1454,0.3854900778797272,369,rhythm
1455,0.411777887970024,78,coordination
1456,0.2137481892305356,260,monitoring
1457,0.317343141116802,207,inhibition
1458,0.628537473955237,89,default_mode
1459,0.3472038880837566,181,goal
1460,0.5118580287945206,89,default_mode
1461,0.520726669939653,89,default_mode
1462,0.40478065908288,89,default_mode
1463,0.2936564932316038,181,goal
1464,0.2693709925791558,181,goal
1465,0.4771416229168258,304,personality
1466,0.3634412202205229,89,default_mode
1467,0.2344063987092321,181,goal
1468,0.2356615772804264,181,goal
1469,0.2625286657698427,183,goals
1470,0.2886358944935862,134,error
1471,0.5736348201692766,207,inhibition
1472,0.2540434884143664,350,recollection
1473,0.1781078313471404,280,navigation
1474,0.1846401393721765,311,place
1475,0.1344378934623069,311,place
1476,0.1816925584135628,49,category
1477,0.202956268597648,49,category
1478,0.2868683321516586,49,category
1479,0.2522962592374066,49,category
1480,0.3515049396065448,47,categories
1481,0.2020117209075221,49,category
1482,0.2153613229640718,49,category
1483,0.2819243738465892,49,category
1484,0.1957047940280553,9,angry
1485,0.3729135219087358,304,personality
1486,0.1877374529848852,304,personality
1487,0.1939102947917692,304,personality
1488,0.2736678905571079,304,personality
1489,0.3010281377530926,304,personality
1490,0.3429529815661032,304,personality
1491,0.3615554752489608,304,personality
1492,0.3545723616798504,304,personality
1493,0.5442616034037691,366,reward_anticipation
1494,0.3343041404126941,304,personality
1495,0.566048899526632,366,reward_anticipation
1496,0.2103751853074508,183,goals
1497,0.2677428274852174,183,goals
1498,0.4972368050083565,207,inhibition
1499,0.5022332577806364,53,cognitive_control
1500,0.1786149535036257,130,encoding_retrieval
1501,0.2910529471891492,249,memory_processes
1502,0.2722418986361324,129,encoding
1503,0.2451097660032953,130,encoding_retrieval
1504,0.2979013131718693,345,recognition_memory
1505,0.2634163118267985,345,recognition_memory
1506,0.2901608650241268,130,encoding_retrieval
1507,0.2965732567093704,345,recognition_memory
1508,0.2983558990253749,130,encoding_retrieval
1509,0.2651176400506561,130,encoding_retrieval
1510,0.1198354747803538,311,place
1511,0.3326405015338085,162,fearful
1512,0.2482080229351988,89,default_mode
1513,0.3541322871005253,89,default_mode
1514,0.2330275192608688,89,default_mode
1515,0.250643969081884,304,personality
1516,0.2359701748368234,304,personality
1517,0.4134926128912433,304,personality
1518,0.5013212347921728,366,reward_anticipation
1519,0.3727087825938409,304,personality
1520,0.2103328498813504,89,default_mode
1521,0.3018560995560856,89,default_mode
1522,0.2638409611442646,89,default_mode
1523,0.2922410341308801,89,default_mode
1524,0.1608551441472187,89,default_mode
1525,0.4058723189504251,189,happy_faces
1526,0.2160342304641295,356,remembered
1527,0.1642152397484042,130,encoding_retrieval
1528,0.1874175411986688,129,encoding
1529,0.1521273900771051,130,encoding_retrieval
1530,0.3016805013605813,130,encoding_retrieval
1531,0.2612257813027842,345,recognition_memory
1532,0.204509291626109,228,learned
1533,0.2218009784710974,228,learned
1534,0.4987448720000808,170,fluency
1535,0.6221368466349981,353,relational
1536,0.365095809941649,362,retention
1537,0.1654750695707542,501,word_form
1538,0.150170862135871,173,form
1539,0.3479592093999539,488,visual_motion
1540,0.4094721579802615,275,multisensory
1541,0.2870337496626188,325,primary_auditory
1542,0.3186258739918232,16,arousal
1543,0.2281844849153388,439,stress
1544,0.3937901830916051,19,associations
1545,0.4657686992641093,244,memories
1546,0.203024468806857,128,encoded
1547,0.3216054709068235,130,encoding_retrieval
1548,0.2222853519831455,280,navigation
1549,0.240664959847258,128,encoded
1550,0.1584136502306633,280,navigation
1551,0.2033486764456671,280,navigation
1552,0.4975623702864656,382,selective
1553,0.3439026393279908,418,solving
1554,0.575392087236711,183,goals
1555,0.312796529514473,209,inhibitory_control
1556,0.4263282871862202,209,inhibitory_control
1557,0.3916145616374237,418,solving
1558,0.4438430957461143,286,nogo
1559,0.398654006092312,418,solving
1560,0.4056790648810062,304,personality
1561,0.3624632003475704,145,expression
1562,0.1908060112811151,161,fear
1563,0.1910485773828578,200,impulsivity
1564,0.1604225771329444,89,default_mode
1565,0.2234696344900198,304,personality
1566,0.3792811110948185,444,suffering
1567,0.2767336434282241,124,emotions
1568,0.1647405358800933,122,emotional_stimuli
1569,0.5391564546257587,153,face
1570,0.4321160952319708,157,facial_expression
1571,0.4290133742726236,162,fearful
1572,0.3934120401760329,303,personal
1573,0.3891925469327629,33,autobiographical_memory
1574,0.370358010975188,113,economic
1575,0.215255020955548,265,motivational
1576,0.1381836837130987,177,gambling
1577,0.2301804061447437,105,discriminative
1578,0.1113719433590353,15,arm
1579,0.5376747877854868,127,encode
1580,0.3564479137380092,127,encode
1581,0.2999936914008858,127,encode
1582,0.2516732376785439,63,conceptual
1583,0.5275116039317785,107,distraction
1584,0.2452812973654776,241,match
1585,0.0950504929361957,241,match
1586,0.1690235492465212,82,cued
1587,0.1169700751186374,44,calculation
1588,0.4405095387635497,494,visuomotor
1589,0.3013535490093718,209,inhibitory_control
1590,0.3338823059531404,360,response_inhibition
1591,0.9296164746465052,197,imagined
1592,0.4306726279026463,398,sequence
1593,0.2882209077295729,197,imagined
1594,0.4426645491588468,407,short_term
1595,0.3683041793756674,234,lexical_decision
1596,0.2791442061029318,234,lexical_decision
1597,0.1668900569507165,503,word_recognition
1598,0.0846674590459862,504,words
1599,0.0427566181872824,504,words
1600,0.0719122101518228,287,nouns
1601,0.0252930083222334,86,decision_task
1602,0.0314336437405589,86,decision_task
1603,0.029320565760861,86,decision_task
1604,0.0500193568106464,86,decision_task
1605,0.0615699672113721,506,written
1606,0.0525928457739359,506,written
1607,0.110936828453119,287,nouns
1608,0.1195761651984448,506,written
1609,0.079606101269416,504,words
1610,0.0665153991515896,287,nouns
1611,0.5131455098940891,472,verbal
1612,0.3643721765630708,295,oral
1613,0.0847258395117826,431,speech_production
1614,0.4062216855223166,228,learned
1615,0.3366685236176276,252,memory_tasks
1616,0.2629761998925208,473,verbal_fluency
1617,0.2654137121869299,95,demands
1618,0.3913117044954449,44,calculation
1619,0.1668849047881553,270,motor_response
1620,0.3216569027823932,183,goals
1621,0.6186473190171705,89,default_mode
1622,0.3437873464909099,207,inhibition
1623,0.2372721769799837,182,goal_directed
1624,0.1997550379645798,134,error
1625,0.3304048272091667,206,inhibit
1626,0.2551077154694903,356,remembered
1627,0.2689351696248216,129,encoding
1628,0.2518471657592456,130,encoding_retrieval
1629,0.2590799710459972,481,virtual
1630,0.4234907149166936,356,remembered
1631,0.44522702921955,199,implicit
1632,0.4686172974741154,158,facial_expressions
1633,0.1669227085520178,156,facial
1634,0.497389045659199,262,moral
1635,0.4520286503060732,262,moral
1636,0.5399493227150143,304,personality
1637,0.2622790381250678,334,prospective
1638,0.057494252733715,80,craving
1639,0.3752061251473636,350,recollection
1640,0.231074939034725,130,encoding_retrieval
1641,0.1190127250776987,129,encoding
1642,0.1499950923220477,129,encoding
1643,0.2615968137528284,436,strategic
1644,0.1881333369429249,177,gambling
1645,0.3331768655624789,89,default_mode
1646,0.3504676315105231,89,default_mode
1647,0.2929859324989097,89,default_mode
1648,0.3459526716037003,89,default_mode
1649,0.6239073702232246,89,default_mode
1650,0.2959951941560748,209,inhibitory_control
1651,0.2806283623613677,209,inhibitory_control
1652,0.2694843548267382,209,inhibitory_control
1653,0.3253093571944579,260,monitoring
1654,0.2992509108011324,260,monitoring
1655,0.3326584078326304,207,inhibition
1656,0.4442706497717772,310,pitch
1657,0.2535972161635589,430,speech_perception
1658,0.1543043213634042,224,language_comprehension
1659,0.3697899546873849,500,word
1660,0.1469732398473584,506,written
1661,0.3718141035163038,506,written
1662,0.5646063992868257,353,relational
1663,0.5082757791419743,345,recognition_memory
1664,0.5568171216806276,130,encoding_retrieval
1665,0.2750357835615734,228,learned
1666,0.154627450127958,130,encoding_retrieval
1667,0.4074070099242223,227,learn
1668,0.5361238898966122,447,switch
1669,0.2811869061948651,361,response_selection
1670,0.388438963565554,361,response_selection
1671,0.1472107794081344,361,response_selection
1672,0.3195059720265245,107,distraction
1673,0.4391477108247633,254,mental_imagery
1674,0.3511569596902464,210,integrate
1675,0.7979420605078524,275,multisensory
1676,0.2305026729112146,311,place
1677,0.5100427297351857,248,memory_performance
1678,0.5452888173240478,256,mnemonic
1679,0.2128782087251751,1,acoustic
1680,0.3108232824207896,294,oddball
1681,0.4706762698701524,460,time_task
1682,0.3731804513741865,207,inhibition
1683,0.4477757326227253,460,time_task
1684,0.5668554964783853,207,inhibition
1685,0.4933055776930507,460,time_task
1686,0.391163522131317,134,error
1687,0.3108070913779844,444,suffering
1688,0.4235908196545296,304,personality
1689,0.2433375558772942,239,long_term
1690,0.1926453247197994,280,navigation
1691,0.1674257183286112,311,place
1692,0.3944365977822319,130,encoding_retrieval
1693,0.1911169919986334,311,place
1694,0.5622092661366438,88,decoding
1695,0.2989399206405914,237,listened
1696,0.4076764833310856,460,time_task
1697,0.4754194539419796,207,inhibition
1698,0.4332012040154306,209,inhibitory_control
1699,0.4039135193053221,209,inhibitory_control
1700,0.3842698916051957,207,inhibition
1701,0.5127447216177763,89,default_mode
1702,0.3629304632528468,183,goals
1703,0.1803393694456643,122,emotional_stimuli
1704,0.1858605742287747,128,encoded
1705,0.18562485483225,280,navigation
1706,0.1812641571978684,481,virtual
1707,0.2573743222055955,280,navigation
1708,0.6217585168088686,239,long_term
1709,0.4413802980669669,427,spatiotemporal
1710,0.137094059958329,145,expression
1711,0.079973234290223,281,negative_emotional
1712,0.1533908235118128,8,anger
1713,0.0854759317046225,281,negative_emotional
1714,0.2709179418224222,354,relevance
1715,0.1227208874279331,106,disgust
1716,0.2828646352146716,156,facial
1717,0.4071748092267709,427,spatiotemporal
1718,0.3385713782874027,46,capture
1719,0.2943187164838208,329,primary_visual
1720,0.2665744925456139,362,retention
1721,0.1578804390904111,170,fluency
1722,0.0901624680156672,170,fluency
1723,0.3802473452781932,472,verbal
1724,0.38056414762523,82,cued
1725,0.3031730858203264,78,coordination
1726,0.2048105645697964,260,monitoring
1727,0.4347654437601968,207,inhibition
1728,0.3196886663895102,183,goals
1729,0.3779331329181761,89,default_mode
1730,0.3690964684358102,89,default_mode
1731,0.3792595565809532,89,default_mode
1732,0.3187646758982246,183,goals
1733,0.3970383676749183,134,error
1734,0.2667485434092452,181,goal
1735,0.2101003886448754,181,goal
1736,0.323377990118381,183,goals
1737,0.2573013026551705,182,goal_directed
1738,0.2478060453349268,183,goals
1739,0.2560257530265653,182,goal_directed
1740,0.3043698339153151,134,error
1741,0.6468273009000121,251,memory_task
1742,0.2496672172134382,436,strategic
1743,0.2823268752504864,130,encoding_retrieval
1744,0.2438826437994576,481,virtual
1745,0.2503902973135426,280,navigation
1746,0.168341025960138,311,place
1747,0.2772311885305965,344,recognition
1748,0.3995359356737559,308,picture
1749,0.1705661577081441,311,place
1750,0.2098057350543064,311,place
1751,0.1386081646389488,311,place
1752,0.2456189440760664,481,virtual
1753,0.312118869198726,130,encoding_retrieval
1754,0.1916868796545245,130,encoding_retrieval
1755,0.2875084145340262,481,virtual
1756,0.2386906074306456,49,category
1757,0.2908844945286267,501,word_form
1758,0.5387154830254641,74,context
1759,0.455741650998568,74,context
1760,0.4020518137687215,353,relational
1761,0.4712196462466361,353,relational
1762,0.6380970148295017,353,relational
1763,0.3770623231002525,130,encoding_retrieval
1764,0.6208316643512729,353,relational
1765,0.4273563955036437,170,fluency
1766,0.187088558912128,287,nouns
1767,0.2196224954960576,170,fluency
1768,0.2162342073354958,506,written
1769,0.0326339506585421,170,fluency
1770,0.1454816804174382,170,fluency
1771,0.0463908847597111,170,fluency
1772,0.1063752134259826,170,fluency
1773,0.1275093231714101,170,fluency
1774,0.1014325237835837,287,nouns
1775,0.0551622272145133,287,nouns
1776,0.1093463119743005,504,words
1777,0.3131356063156059,234,lexical_decision
1778,0.3203971021987232,203,induction
1779,0.4318498426639494,207,inhibition
1780,0.1142349478599004,182,goal_directed
1781,0.3654187729726392,176,gains
1782,0.5624478640253494,294,oddball
1783,0.4837894126736733,198,imitation
1784,0.2489225819550648,453,target_detection
1785,0.3016672882281492,69,congruent
1786,0.4579456725900285,445,suppression
1787,0.3611320964792945,187,hands
1788,0.342051164341248,211,integrated
1789,0.2824209111180101,254,mental_imagery
1790,0.4454991405524036,506,written
1791,0.5696536065549366,353,relational
1792,0.2682333777166649,228,learned
1793,0.3379447336493836,228,learned
1794,0.3217486443632516,228,learned
1795,0.2169600896238294,228,learned
1796,0.2749023010808868,228,learned
1797,0.1811997842166426,228,learned
1798,0.3037562005429156,130,encoding_retrieval
1799,0.3302413151110966,130,encoding_retrieval
1800,0.2305172197523664,130,encoding_retrieval
1801,0.2967667067159972,481,virtual
1802,0.3805829347498585,350,recollection
1803,0.4107473744382164,350,recollection
1804,0.1126363670434181,378,salience
1805,0.3281536488012613,9,angry
1806,0.4977078204380237,145,expression
1807,0.3903868762793656,308,picture
1808,0.1590711098219934,311,place
1809,0.3884243000151154,130,encoding_retrieval
1810,0.4230517220332733,345,recognition_memory
1811,0.2083523027212034,228,learned
1812,0.8405238997637106,353,relational
1813,0.4344315595234474,254,mental_imagery
1814,0.4855372477350861,197,imagined
1815,0.2998812537771221,197,imagined
1816,0.1718288012915243,500,word
1817,0.2246574717782598,506,written
1818,0.3498294619936918,506,written
1819,0.5307285183884818,130,encoding_retrieval
1820,0.4626999883561273,362,retention
1821,0.4298576480318102,345,recognition_memory
1822,0.3801895756436294,130,encoding_retrieval
1823,0.3184793486951028,228,learned
1824,0.2398085974744302,170,fluency
1825,0.2883805699785866,353,relational
1826,0.2641350369729729,139,executive_functions
1827,0.2330230661702276,207,inhibition
1828,0.5295589566733908,89,default_mode
1829,0.455508048082587,89,default_mode
1830,0.4462630553665972,89,default_mode
1831,0.3961787280906305,89,default_mode
1832,0.3578248618027622,304,personality
1833,0.3616782725627913,304,personality
1834,0.3564821781127262,304,personality
1835,0.3538910272619721,304,personality
1836,0.3940625759122102,89,default_mode
1837,0.3925814566351259,89,default_mode
1838,0.3891967322498226,89,default_mode
1839,0.3253574078735926,89,default_mode
1840,0.2675933011953901,89,default_mode
1841,0.1512964375214351,262,moral
1842,0.0887861991618108,415,social_cognitive
1843,0.1000077369198751,413,social
1844,0.1177055962540972,256,mnemonic
1845,0.1573453693210346,170,fluency
1846,0.1668413181601728,170,fluency
1847,0.2128488080435723,472,verbal
1848,0.1409986749720611,473,verbal_fluency
1849,0.5696283213555005,323,preparation
1850,0.1912687064434444,208,inhibitory
1851,0.2954568357760115,209,inhibitory_control
1852,0.3519781780152404,207,inhibition
1853,0.3830231909623849,209,inhibitory_control
1854,0.4234829980417489,183,goals
1855,0.4523088146886488,134,error
1856,0.4473988301553228,134,error
1857,0.3071302934585076,207,inhibition
1858,0.3083271391216282,207,inhibition
1859,0.2751308865047691,207,inhibition
1860,0.2755254760319335,207,inhibition
1861,0.2762177056106296,207,inhibition
1862,0.2842618676402,207,inhibition
1863,0.6641291902038174,207,inhibition
1864,0.7875878749769539,247,memory_load
1865,0.2536575487124519,228,learned
1866,0.2367597937538904,228,learned
1867,0.3206271712811501,228,learned
1868,0.4127560518204552,130,encoding_retrieval
1869,0.6052973824094051,130,encoding_retrieval
1870,0.752736346159445,130,encoding_retrieval
1871,0.638028964596102,160,familiarity
1872,0.3946369196217144,130,encoding_retrieval
1873,0.3428727497707513,288,novel
1874,0.5610904918608403,207,inhibition
1875,0.4728562020299153,304,personality
1876,0.1983374633442034,134,error
1877,0.4392671466188181,116,emotion
1878,0.3684970582299704,350,recollection
1879,0.3405096270205711,244,memories
1880,0.4321188028371157,427,spatiotemporal
1881,0.2420066325649169,145,expression
1882,0.2545948359599272,282,neutral_faces
1883,0.2680022016657264,162,fearful
1884,0.2590502568966337,189,happy_faces
1885,0.2470111747244088,118,emotional
1886,0.2456042091931632,12,anxiety
1887,0.2902537317894985,124,emotions
1888,0.3813700139349542,312,placebo
1889,0.4807564855375473,113,economic
1890,0.4686922506112874,64,conditioned
1891,0.1468778842172878,284,neutral_stimuli
1892,0.1132986050733043,189,happy_faces
1893,0.2452114525376337,189,happy_faces
1894,0.2629967431041393,123,emotional_valence
1895,0.4995522814652487,350,recollection
1896,0.252527067546194,128,encoded
1897,0.2822374807996649,130,encoding_retrieval
1898,0.1353225802346685,228,learned
1899,0.1669093750050938,228,learned
1900,0.2690742730063972,362,retention
1901,0.4182925395924658,318,prediction_error
1902,0.31287875376177,265,motivational
1903,0.1763629052512839,258,monetary_reward
1904,0.1144248947569018,258,monetary_reward
1905,0.1273571212192824,258,monetary_reward
1906,0.3202940755802166,35,aversive
1907,0.1596124593907202,124,emotions
1908,0.2021743541692505,245,memory
1909,0.1992311841322207,436,strategic
1910,0.2430562584621558,128,encoded
1911,0.2601683499761768,278,names
1912,0.3283092424065582,423,spatial
1913,0.397019582878471,5,addition
1914,0.1579905262776743,186,hand_movements
1915,0.3313357890794059,235,limb
1916,0.1199948061774656,271,motor_responses
1917,0.1520930223370415,78,coordination
1918,0.1608232979270519,78,coordination
1919,0.2856071942883756,166,finger
1920,0.2333177609208671,167,finger_movements
1921,0.30975513864005,168,finger_tapping
1922,0.3142742476070928,168,finger_tapping
1923,0.3738905529571446,474,verbal_working
1924,0.1094596584542294,170,fluency
1925,0.1578616865565739,506,written
1926,0.3851472448256537,170,fluency
1927,0.228990085030859,228,learned
1928,0.541102019043397,170,fluency
1929,0.4288832261537631,506,written
1930,0.2080483879513072,506,written
1931,0.2054116429938918,506,written
1932,0.2628413588038045,506,written
1933,0.112014449814969,170,fluency
1934,0.1716424229502561,504,words
1935,0.064729791491601,504,words
1936,0.1100828161232206,287,nouns
1937,0.1810752215259167,506,written
1938,0.1645382185790945,506,written
1939,0.4436061342395581,353,relational
1940,0.271081090667188,173,form
1941,0.1567209092965339,478,videos
1942,0.4169236790170176,232,letters
1943,0.4419020897153096,464,tools
1944,0.4551976139865096,349,recognizing
1945,0.3158385711315598,353,relational
1946,0.324348109539645,252,memory_tasks
1947,0.3378849365106273,353,relational
1948,0.4167719736014312,23,attending
1949,0.3402574293121647,372,rotation
1950,0.78270780204542,100,detection
1951,0.5200703725716689,57,communication
1952,0.3560466846885684,54,cognitive_emotional
1953,0.3401594962462104,259,money
1954,0.2927292500623143,185,hand
1955,0.4190925114645201,268,motor_imagery
1956,0.2962293739352714,168,finger_tapping
1957,0.2278797495445796,78,coordination
1958,0.2273063508368174,78,coordination
1959,0.2728463774169321,451,tapping
1960,0.3920578319116504,472,verbal
1961,0.4455928157093393,170,fluency
1962,0.2654784349352985,228,learned
1963,0.1682015720602232,228,learned
1964,0.2649983467179351,228,learned
1965,0.212937379024737,130,encoding_retrieval
1966,0.2256050223100357,280,navigation
1967,0.3466628500870879,344,recognition
1968,0.4978192425372808,146,expressions
1969,0.6013517246581536,146,expressions
1970,0.3793341313304391,308,picture
1971,0.1802413736920766,311,place
1972,0.2862599421839315,481,virtual
1973,0.3008950380157171,481,virtual
1974,0.3140541525861554,481,virtual
1975,0.4109604317353904,308,picture
1976,0.2306009857697782,280,navigation
1977,0.3221168708381305,133,episodic_memory
1978,0.297956006599106,130,encoding_retrieval
1979,0.216783638795388,311,place
1980,0.3004462136221881,493,visuo
1981,0.2737113925716198,39,belief
1982,0.6030349248140238,148,eye_field
1983,0.2575865858817952,201,incongruent
1984,0.1534837210767168,201,incongruent
1985,0.2167060552528936,480,violations
1986,0.2319790026607351,241,match
1987,0.3592772326394404,39,belief
1988,0.2081603726969879,57,communication
1989,0.441146187727557,209,inhibitory_control
1990,0.7542802203972345,251,memory_task
1991,0.489387529829405,362,retention
1992,0.5431322299665897,220,judgment
1993,0.320957181775757,49,category
1994,0.3246059366822138,481,virtual
1995,0.5306054851149716,353,relational
1996,0.2642700603706122,430,speech_perception
1997,0.4252437903446514,295,oral
1998,0.7061095778959937,197,imagined
1999,0.6470308751630609,79,covert
2000,0.3305965091858251,69,congruent
2001,0.3351037181194932,127,encode
2002,0.2472075467101156,353,relational
2003,0.2682454512389874,506,written
2004,0.2101304432402752,506,written
2005,0.3219171506682697,252,memory_tasks
2006,0.2684745554592172,353,relational
2007,0.3733958722047162,88,decoding
2008,0.4237879124931971,496,vocal
2009,0.4889654242027486,44,calculation
2010,0.2828355465713676,102,digit
2011,0.3294455730933051,26,attentional
2012,0.1967586815358966,383,selective_attention
2013,0.4445487592379224,477,video_clips
2014,0.5036535885238913,23,attending
2015,0.7506490524547872,88,decoding
2016,0.2253720370251376,254,mental_imagery
2017,0.3339689976726624,74,context
2018,0.0624416984805873,353,relational
2019,0.1366080924694202,306,phonological
2020,0.2527846628484849,68,congruency
2021,0.1639697773809382,480,violations
2022,0.3994520148479809,44,calculation
2023,0.4146189762751945,88,decoding
2024,0.8129908344947969,23,attending
2025,0.3081319365587027,7,ambiguous
2026,0.1936833705777326,396,sentence_comprehension
2027,0.1385719460539015,506,written
2028,0.0310529944137042,86,decision_task
2029,0.0333492384268825,86,decision_task
2030,0.1365611987454046,504,words
2031,0.2377528747750808,506,written
2032,0.2549088995250662,362,retention
2033,0.2369052777176628,133,episodic_memory
2034,0.3900716368579905,19,associations
2035,0.2749863634858866,387,semantic_memory
2036,0.4450418580478681,80,craving
2037,0.1332510909746852,457,thought
2038,0.1607014324587063,378,salience
2039,0.2000383706978653,378,salience
2040,0.3559084087391034,304,personality
2041,0.2712061294464424,304,personality
2042,0.1282597307024461,304,personality
2043,0.2249309724441792,258,monetary_reward
2044,0.7105471820878994,260,monitoring
2045,0.3405667502429212,172,foot
2046,0.3812606480516703,270,motor_response
2047,0.2281217207233447,208,inhibitory
2048,0.3968024427812527,207,inhibition
2049,0.4804093122634172,134,error
2050,0.4256972444584659,183,goals
2051,0.3019943638141111,134,error
2052,0.4312302812144377,183,goals
2053,0.3800563046538956,183,goals
2054,0.3245266661978274,183,goals
2055,0.3413712250785126,181,goal
2056,0.515574870408149,89,default_mode
2057,0.3294579758476938,181,goal
2058,0.445467234413189,181,goal
2059,0.2732941813401416,182,goal_directed
2060,0.3131308466016733,183,goals
2061,0.2791469865116421,183,goals
2062,0.2496927508716432,183,goals
2063,0.248296676181207,182,goal_directed
2064,0.195563574271899,134,error
2065,0.2402737848133244,172,foot
2066,0.1665736212629593,129,encoding
2067,0.2186747435581817,130,encoding_retrieval
2068,0.2854185344144554,130,encoding_retrieval
2069,0.1709575495431186,344,recognition
2070,0.2066702115171422,153,face
2071,0.130806578937273,155,faces
2072,0.2288953187067075,155,faces
2073,0.1364611827991228,344,recognition
2074,0.1893191903441489,311,place
2075,0.3813782296935394,130,encoding_retrieval
2076,0.3674221280105228,130,encoding_retrieval
2077,0.4091321282427537,481,virtual
2078,0.3901338691204641,311,place
2079,0.2359436284675808,311,place
2080,0.4078360684606573,481,virtual
2081,0.1436154837799255,311,place
2082,0.1857586761134823,296,orientation
2083,0.1675439943374372,8,anger
2084,0.1643276812569236,55,coherence
2085,0.1709273212155911,89,default_mode
2086,0.1492332189250531,89,default_mode
2087,0.1709566365955557,89,default_mode
2088,0.1862699719964768,89,default_mode
2089,0.181201985742092,89,default_mode
2090,0.2122670230751987,89,default_mode
2091,0.241682512624287,89,default_mode
2092,0.1780985882853331,200,impulsivity
2093,0.196417537380432,89,default_mode
2094,0.3088341645171026,304,personality
2095,0.3447450927317043,177,gambling
2096,0.4413693514889636,258,monetary_reward
2097,0.4300588292306818,181,goal
2098,0.427175376841768,181,goal
2099,0.4160621459076,258,monetary_reward
2100,0.2618930370142458,444,suffering
2101,0.2690502364384061,366,reward_anticipation
2102,0.38293303202993,141,expectation
2103,0.4045178771619254,167,finger_movements
2104,0.6656045445421521,400,sequential
2105,0.8451774303233701,214,integrative
2106,0.3545310653535141,181,goal
2107,0.3512009059257531,181,goal
2108,0.1552355403264704,89,default_mode
2109,0.0975514443869532,433,spontaneous
2110,0.1598970740598268,379,salient
2111,0.1489064563453497,155,faces
2112,0.3182757534341558,153,face
2113,0.1818038374584494,344,recognition
2114,0.2026391910217212,311,place
2115,0.1333771971841301,47,categories
2116,0.363718597554563,422,space
2117,0.4279629935284149,417,social_interactions
2118,0.2363267462080228,433,spontaneous
2119,0.2593680094009008,150,eye_movement
2120,0.3213023568275484,180,gestures
2121,0.295671016077013,211,integrated
2122,0.5524924576246103,88,decoding
2123,0.3849908303129101,353,relational
2124,0.4577003627485733,353,relational
2125,0.5313201341833942,160,familiarity
2126,0.5230492791486259,130,encoding_retrieval
2127,0.4162865917040625,130,encoding_retrieval
2128,0.3575365485360118,311,place
2129,0.1866755050394086,311,place
2130,0.1901669496705987,49,category
2131,0.2764850242360164,146,expressions
2132,0.3781618743663381,39,belief
2133,0.2811237187490818,310,pitch
2134,0.1280926553072635,201,incongruent
2135,0.2702236443567629,506,written
2136,0.3576014538731739,353,relational
2137,0.4195135884130355,362,retention
2138,0.3146756839376968,254,mental_imagery
2139,0.2882372959577987,210,integrate
2140,0.268888616535639,144,exploration
2141,0.2833639280641582,214,integrative
2142,0.7010604564039532,39,belief
2143,0.2189339882757386,162,fearful
2144,0.1184235317302346,132,episodic
2145,0.0606345585960505,350,recollection
2146,0.0870745003802944,436,strategic
2147,0.0990297542983099,130,encoding_retrieval
2148,0.435442145998542,160,familiarity
2149,0.5540869206357965,210,integrate
2150,0.492872139543142,67,conflicting
2151,0.4375015276049684,353,relational
2152,0.3198711134040018,170,fluency
2153,0.2978717144442998,170,fluency
2154,0.2361001465802624,506,written
2155,0.2263040651425718,506,written
2156,0.0714963163515686,170,fluency
2157,0.1959024646811588,252,memory_tasks
2158,0.3598565012039898,58,competing
2159,0.4928071350832689,58,competing
2160,0.1176431206559205,341,reappraisal
2161,0.26588190108433,82,cued
2162,0.2433434935256367,314,planning
2163,0.3229451409381802,44,calculation
2164,0.1827689930010126,44,calculation
2165,0.2637508957252864,201,incongruent
2166,0.3581403414034624,480,violations
2167,0.1931423780321512,252,memory_tasks
2168,0.2757096215530682,472,verbal
2169,0.1853385920342883,252,memory_tasks
2170,0.266144814677631,252,memory_tasks
2171,0.3530435138852278,252,memory_tasks
2172,0.7534422541412509,353,relational
2173,0.4448866709546044,254,mental_imagery
2174,0.3150553982008402,212,integrating
2175,0.3018517358351672,219,interference
2176,0.1119391578305068,498,wm
2177,0.6317318525644661,314,planning
2178,0.3428248698117123,361,response_selection
2179,0.1350843076895377,183,goals
2180,0.1885378413116636,182,goal_directed
2181,0.321128548588102,89,default_mode
2182,0.1911429003849172,89,default_mode
2183,0.2307693308579164,89,default_mode
2184,0.1236288691676391,89,default_mode
2185,0.4095258467164985,181,goal
2186,0.4589373050935727,270,motor_response
2187,0.4731037499296929,2,action
2188,0.3089157630136416,231,letter
2189,0.280614744348982,74,context
2190,0.0987006577651368,449,syntactic
2191,0.3332681590090579,174,forms
2192,0.5290224064359299,463,tone
2193,0.1606853083951532,98,detected
2194,0.4879949311240924,349,recognizing
2195,0.6456249988850921,230,learning_task
2196,0.5584649263596488,407,short_term
2197,0.2384726571789663,168,finger_tapping
2198,0.2641781305929304,78,coordination
2199,0.3083104544127882,167,finger_movements
2200,0.32371328664658,208,inhibitory
2201,0.2097861540720344,208,inhibitory
2202,0.3269436553185459,207,inhibition
2203,0.4219074288093953,207,inhibition
2204,0.382915854178946,207,inhibition
2205,0.3894232537225219,207,inhibition
2206,0.5003065910034907,207,inhibition
2207,0.3662264675017691,207,inhibition
2208,0.3039039368233318,207,inhibition
2209,0.1611483759131798,207,inhibition
2210,0.3299498890983847,207,inhibition
2211,0.5241193380393044,44,calculation
2212,0.2274197508697108,201,incongruent
2213,0.209576091413256,191,heard
2214,0.2580152070005165,238,listening
2215,0.5684155514881141,176,gains
2216,0.4756345073467481,176,gains
2217,0.3350324306625456,124,emotions
2218,0.357081799279537,48,categorization
2219,0.2409206957370263,228,learned
2220,0.1970353273086365,228,learned
2221,0.1600975509899112,228,learned
2222,0.3056548011117145,345,recognition_memory
2223,0.2871663771046024,345,recognition_memory
2224,0.2771139214206638,130,encoding_retrieval
2225,0.3361730016814542,481,virtual
2226,0.4285401933637529,160,familiarity
2227,0.3906469757185672,252,memory_tasks
2228,0.2569766602622081,170,fluency
2229,0.1245239547232664,504,words
2230,0.105604355699634,287,nouns
2231,0.2118624519546302,223,language
2232,0.3306751272379152,30,auditory_stimuli
2233,0.4671339861119464,339,read
2234,0.3217432145264747,500,word
2235,0.1919892574595827,287,nouns
2236,0.1872030628541622,170,fluency
2237,0.0752729271578826,170,fluency
2238,0.1475996447676798,287,nouns
2239,0.1506014120185666,252,memory_tasks
2240,0.1744186601218482,474,verbal_working
2241,0.3066168133924035,219,interference
2242,0.0985468974571353,473,verbal_fluency
2243,0.4527292134070385,66,conflict
2244,0.5748503160161684,322,preferences
2245,0.2800120418802597,378,salience
2246,0.1184874225562394,378,salience
2247,0.1711029014167613,470,values
2248,0.541001033550761,140,expectancy
2249,0.4416796729578873,270,motor_response
2250,0.2365494841674348,208,inhibitory
2251,0.2068019276249958,207,inhibition
2252,0.2573135324409917,207,inhibition
2253,0.2782067734688053,207,inhibition
2254,0.2766292835816257,207,inhibition
2255,0.3269709691657192,207,inhibition
2256,0.4301662568960265,209,inhibitory_control
2257,0.2964697335298473,207,inhibition
2258,0.2816052201126616,207,inhibition
2259,0.3085392650007932,207,inhibition
2260,0.3067011403755074,207,inhibition
2261,0.2882789354639662,207,inhibition
2262,0.5472690379019428,207,inhibition
2263,0.2777614273763283,134,error
2264,0.3551558006231003,183,goals
2265,0.297843788658946,181,goal
2266,0.4681334075780722,89,default_mode
2267,0.2182792621938696,183,goals
2268,0.1931092359669293,134,error
2269,0.2747418706191809,328,primary_somatosensory
2270,0.3166526925057675,228,learned
2271,0.3254315745560064,228,learned
2272,0.3930678494387676,345,recognition_memory
2273,0.3701855332667252,130,encoding_retrieval
2274,0.3353091055107024,311,place
2275,0.0968841890557491,344,recognition
2276,0.1021124663629614,311,place
2277,0.109378420775398,49,category
2278,0.152663371613368,311,place
2279,0.1268872507848414,311,place
2280,0.1229440129636315,311,place
2281,0.2003090777179852,311,place
2282,0.1333355942379962,311,place
2283,0.1366682939336492,311,place
2284,0.124961509543461,49,category
2285,0.1286958147418138,311,place
2286,0.3720969754551,308,picture
2287,0.3827644234551704,308,picture
2288,0.3578501729327324,308,picture
2289,0.2434941283836152,344,recognition
2290,0.119640245073644,344,recognition
2291,0.3223900555504116,481,virtual
2292,0.2788862335892887,50,choice
2293,0.1717209269289506,183,goals
2294,0.3299900879176983,258,monetary_reward
2295,0.2350420378286977,444,suffering
2296,0.3117139937374874,304,personality
2297,0.3480702834843082,304,personality
2298,0.2671201702725445,304,personality
2299,0.1775885517370419,304,personality
2300,0.0400104144006417,433,spontaneous
2301,0.2846698066081286,354,relevance
2302,0.3632474410387328,156,facial
2303,0.5684849848344722,244,memories
2304,0.2356793289045159,128,encoded
2305,0.2793370081847067,130,encoding_retrieval
2306,0.2892452210715387,130,encoding_retrieval
2307,0.2818769673954436,130,encoding_retrieval
2308,0.3016421461054561,143,explicit
2309,0.2789170093537793,71,conscious
2310,0.4132701067138205,145,expression
2311,0.3870588279939517,330,prime
2312,0.3627131223547877,73,consolidation
2313,0.3777252908605576,248,memory_performance
2314,0.4193613213828782,19,associations
2315,0.0182105704912637,457,thought
2316,0.1477899961653505,378,salience
2317,0.2389162484906284,370,risk
2318,0.1278548007587929,304,personality
2319,0.1348646646401101,200,impulsivity
2320,0.2405241953104508,304,personality
2321,0.2165358926932536,258,monetary_reward
2322,0.2787135202090028,460,time_task
2323,0.3288221085085079,167,finger_movements
2324,0.379576896802909,2,action
2325,0.4514991003760948,349,recognizing
2326,0.657318946542307,254,mental_imagery
2327,0.7944868213041997,362,retention
2328,0.6251752783191593,130,encoding_retrieval
2329,0.434226636010802,506,written
2330,0.2471458864814863,506,written
2331,0.5082921157584335,353,relational
2332,0.3237332509683654,362,retention
2333,0.2405246519164554,228,learned
2334,0.4229613336372854,311,place
2335,0.3459723406308823,311,place
2336,0.2136570403171812,228,learned
2337,0.504072278916131,254,mental_imagery
2338,0.569234380657618,63,conceptual
2339,0.4805470971899805,501,word_form
2340,0.149061218635887,291,object
2341,0.4593992170196647,425,spatial_information
2342,0.2565438711759201,173,form
2343,0.1539011923693698,47,categories
2344,0.1473881609565754,280,navigation
2345,0.2908073384358772,256,mnemonic
2346,0.25104510834866,130,encoding_retrieval
2347,0.2911728031903556,481,virtual
2348,0.282207781880385,356,remembered
2349,0.4123975257542152,244,memories
2350,0.3730835525335333,378,salience
2351,0.3282630702529727,281,negative_emotional
2352,0.2090557987119786,161,fear
2353,0.1883308537161193,281,negative_emotional
2354,0.1921506834436894,281,negative_emotional
2355,0.1621749686564522,470,values
2356,0.2950915386726365,366,reward_anticipation
2357,0.3589332532569094,181,goal
2358,0.4808733532178799,181,goal
2359,0.409752404695905,181,goal
2360,0.1777690831445619,265,motivational
2361,0.188543621151232,112,eating
2362,0.2589899205508912,244,memories
2363,0.1939586834590849,350,recollection
2364,0.2119462403920704,350,recollection
2365,0.348039067281859,248,memory_performance
2366,0.294687349543084,64,conditioned
2367,0.3467879325512569,54,cognitive_emotional
2368,0.6326723370876705,125,empathic
2369,0.4027348512541109,455,theory_mind
2370,0.3563513755470543,39,belief
2371,0.2648583456462287,39,belief
2372,0.5008217738752787,57,communication
2373,0.40357284262769,417,social_interactions
2374,0.4833255219769558,262,moral
2375,0.4141180351035992,262,moral
2376,0.6151000688748145,417,social_interactions
2377,0.7318531347143196,5,addition
2378,0.2886922156792749,39,belief
2379,0.5137413521660891,214,integrative
2380,0.3710951835826825,362,retention
2381,0.5254182728099892,254,mental_imagery
2382,0.509401861095472,254,mental_imagery
2383,0.3674767745280886,210,integrate
2384,0.3965309885452726,311,place
2385,0.334022525585288,256,mnemonic
2386,0.2085662344721928,130,encoding_retrieval
2387,0.2290867234513779,130,encoding_retrieval
2388,0.2674264726060131,170,fluency
2389,0.1204832552008045,287,nouns
2390,0.089176457240832,506,written
2391,0.0624162497390612,287,nouns
2392,0.1404233967246079,506,written
2393,0.2467047373536206,170,fluency
2394,0.1938636384984704,170,fluency
2395,0.4273213686268693,506,written
2396,0.5548271023715293,353,relational
2397,0.4960026905378336,7,ambiguous
2398,0.295154313551742,237,listened
2399,0.4078324186005398,126,empathy
2400,0.2952206327203074,301,painful
2401,0.2698449337406317,203,induction
2402,0.2458818874837848,203,induction
2403,0.5091892982173369,141,expectation
2404,0.1661484773870331,352,reinforcement
2405,0.1524549294481934,457,thought
2406,0.2970274741775821,80,craving
2407,0.236783033235728,9,angry
2408,0.1780103458929013,354,relevance
2409,0.273234266287739,9,angry
2410,0.1070778057269018,244,memories
2411,0.3214642735722449,245,memory
2412,0.4216202397762852,130,encoding_retrieval
2413,0.3935765135607131,311,place
2414,0.3337575391834338,311,place
2415,0.4281144729303271,362,retention
2416,0.5678420349313771,481,virtual
2417,0.1980685145764619,189,happy_faces
2418,0.1655097919928153,145,expression
2419,0.3425385267966893,145,expression
2420,0.2453971442906416,46,capture
2421,0.170615325423794,145,expression
2422,0.4053409887803008,157,facial_expression
2423,0.2646175194157036,46,capture
2424,0.192819547128683,155,faces
2425,0.1192271546033075,153,face
2426,0.2684213724877369,347,recognize
2427,0.7463896113743756,291,object
2428,0.3198427740593796,321,preference
2429,0.7147610666209914,72,consciousness
2430,0.3153366643376057,239,long_term
2431,0.4173940566651136,239,long_term
2432,0.2261663623716467,47,categories
2433,0.128560237811938,49,category
2434,0.4922965608313298,308,picture
2435,1.1295121331583575,72,consciousness
2436,0.3532862042778755,344,recognition
2437,0.2163732459852507,49,category
2438,0.1201690146385948,49,category
2439,0.1402854643058052,311,place
2440,0.0764592084336979,49,category
2441,0.0730424152805573,501,word_form
2442,0.3969064630775941,325,primary_auditory
2443,0.394290372644074,88,decoding
2444,0.3919414269275852,288,novel
2445,0.4241266088435176,230,learning_task
2446,0.3032877506290268,357,remembering
2447,0.1888524454840573,132,episodic
2448,0.2717781300788058,244,memories
2449,0.297182273977231,128,encoded
2450,0.4026527463843188,356,remembered
2451,0.4978966670018552,356,remembered
2452,0.3695518324863505,356,remembered
2453,0.2223218988711956,128,encoded
2454,0.2463119208730716,280,navigation
2455,0.2512737981632693,128,encoded
2456,0.3994568628195283,32,autobiographical
2457,0.2036213659221219,433,spontaneous
2458,0.2197800929566812,89,default_mode
2459,0.5100433853581361,134,error
2460,0.3031687661118442,207,inhibition
2461,0.2696720130140592,260,monitoring
2462,0.2926037801227683,260,monitoring
2463,0.3586142055550679,209,inhibitory_control
2464,0.2518331584194867,209,inhibitory_control
2465,0.2042369960509524,209,inhibitory_control
2466,0.4612160215242333,209,inhibitory_control
2467,0.5685721980952573,89,default_mode
2468,0.5656974945772569,89,default_mode
2469,0.7197754490622263,304,personality
2470,0.2029108954729302,181,goal
2471,0.3467171187781128,181,goal
2472,0.1585937964736196,207,inhibition
2473,0.1380393403126584,260,monitoring
2474,0.1492984783610858,208,inhibitory
2475,0.1637734996578219,260,monitoring
2476,0.1661664857296518,208,inhibitory
2477,0.4711195582028503,207,inhibition
2478,0.4102905748016688,207,inhibition
2479,0.4814356744364146,207,inhibition
2480,0.4452354692899886,207,inhibition
2481,0.4750094042219347,134,error
2482,0.4662866490554272,207,inhibition
2483,0.3178141963004787,181,goal
2484,0.4928058035362795,89,default_mode
2485,0.401913379037156,183,goals
2486,0.370143222930601,183,goals
2487,0.4513153145932769,134,error
2488,0.3898207806997397,207,inhibition
2489,0.3922751916985707,207,inhibition
2490,0.37954107433407,207,inhibition
2491,0.4378511023113005,209,inhibitory_control
2492,0.4611141181352828,134,error
2493,0.1754136781324587,208,inhibitory
2494,0.3546441572005845,286,nogo
2495,0.0393370223938066,256,mnemonic
2496,0.2275865421439634,130,encoding_retrieval
2497,0.2593531448852054,256,mnemonic
2498,0.267159898309499,481,virtual
2499,0.3095185801496966,481,virtual
2500,0.3156746073220391,130,encoding_retrieval
2501,0.2977492684026964,130,encoding_retrieval
2502,0.1104952335040355,311,place
2503,0.1505600204176507,311,place
2504,0.115378304126273,280,navigation
2505,0.2839087863560228,280,navigation
2506,0.460025028313925,239,long_term
2507,0.4602953837877372,245,memory
2508,0.362810548877184,108,distractor
2509,0.4262099244461051,231,letter
2510,0.7341762639870397,127,encode
2511,0.4865409127271516,353,relational
2512,0.2801524249631172,170,fluency
2513,0.5719372245399436,353,relational
2514,0.3558277366679576,170,fluency
2515,0.2872417937443571,170,fluency
2516,0.3098092448803529,506,written
2517,0.3853735429435858,353,relational
2518,0.4939996720898784,407,short_term
2519,0.2450661880036332,271,motor_responses
2520,0.1632301444646247,185,hand
2521,0.526873078887552,196,imagine
2522,0.1548037236102774,228,learned
2523,0.3804846967301063,481,virtual
2524,0.3233957710927123,130,encoding_retrieval
2525,0.3133979668058218,130,encoding_retrieval
2526,0.3058988518702452,130,encoding_retrieval
2527,0.3039961858881507,130,encoding_retrieval
2528,0.1875085513090767,311,place
2529,0.0891182206010591,47,categories
2530,0.1916276429069132,47,categories
2531,0.1629217991577093,49,category
2532,0.2629006837978574,311,place
2533,0.1925927098037982,49,category
2534,0.1868764260173832,128,encoded
2535,0.1346503862043408,246,memory_encoding
2536,0.1710328576611796,362,retention
2537,0.2543983958234684,295,oral
2538,0.4713349718872452,126,empathy
2539,0.237887448819671,350,recollection
2540,0.4462695966615564,350,recollection
2541,0.424338620021825,132,episodic
2542,0.3915756632645669,33,autobiographical_memory
2543,0.219657614482276,402,sex
2544,0.3081774715161408,112,eating
2545,0.3167745848547584,412,sleep
2546,0.388924315538761,84,decision
2547,0.2802986746685836,115,effortful
2548,0.3215256229411269,295,oral
2549,0.3278674209967718,67,conflicting
2550,0.3474938040451497,353,relational
2551,0.2377661929712068,228,learned
2552,0.2626646547844624,228,learned
2553,0.2366835788534426,228,learned
2554,0.3244876646225625,130,encoding_retrieval
2555,0.3105843499825992,130,encoding_retrieval
2556,0.3438705929126868,481,virtual
2557,0.1739333833518306,344,recognition
2558,0.2064314738792644,128,encoded
2559,0.1826204920846065,128,encoded
2560,0.208392510238708,133,episodic_memory
2561,0.2068896563827497,356,remembered
2562,0.194250455520301,356,remembered
2563,0.2708642069254691,288,novel
2564,0.2675223049498774,350,recollection
2565,0.2331402310258505,481,virtual
2566,0.1364068502001077,346,recognition_task
2567,0.1325733486910862,249,memory_processes
2568,0.111143422673631,249,memory_processes
2569,0.2009158764719089,362,retention
2570,0.2506453770043426,174,forms
2571,0.1103138941463682,82,cued
2572,0.1417814482237643,82,cued
2573,0.2269891122120319,82,cued
2574,0.896232705186273,323,preparation
2575,0.1920991242543691,270,motor_response
2576,0.0372008066729401,270,motor_response
2577,0.385321759258878,270,motor_response
2578,0.4136225585060192,167,finger_movements
2579,0.3334377692169451,361,response_selection
2580,0.1457439943017576,82,cued
2581,0.3276439495322417,186,hand_movements
2582,0.3328598702147898,324,preparatory
2583,0.2682582154836441,173,form
2584,0.1925805295326229,311,place
2585,0.2032168626315496,128,encoded
2586,0.2312944063426558,364,retrieved
2587,0.38591833750275,245,memory
2588,0.2389705064693804,463,tone
2589,0.2852419558863293,294,oddball
2590,0.2843361687109623,84,decision
2591,0.2855682660834744,165,feelings
2592,0.2945752359616736,215,intelligence
2593,0.3322667126795631,209,inhibitory_control
2594,0.3196591841892368,207,inhibition
2595,0.3216641068443799,260,monitoring
2596,0.1219330934051705,361,response_selection
2597,0.4142494311532423,82,cued
2598,0.8845576440739698,247,memory_load
2599,0.1014007999661495,208,inhibitory
2600,0.4620391174550063,209,inhibitory_control
2601,0.2855546195281584,411,skin
2602,0.1676133957947258,318,prediction_error
2603,0.511782022747088,323,preparation
2604,0.2827819588125657,215,intelligence
2605,0.2040976838900751,87,decisions
2606,0.2959785280427814,308,picture
2607,0.3780089174712398,256,mnemonic
2608,0.4063040312739583,143,explicit
2609,0.2455833664066259,243,matching_task
2610,0.1486240326567227,311,place
2611,0.2600309803297491,344,recognition
2612,0.1237994387928868,49,category
2613,0.2520550485227324,239,long_term
2614,0.448706828823756,356,remembered
2615,0.3611539459232044,244,memories
2616,0.4025440292109812,356,remembered
2617,0.1908159820036694,128,encoded
2618,0.3270243628261276,130,encoding_retrieval
2619,0.2871555382334448,130,encoding_retrieval
2620,0.1588411976740625,129,encoding
2621,0.1773758447852397,228,learned
2622,0.2657682840272091,318,prediction_error
2623,0.3226618795292759,172,foot
2624,0.3166173091567026,203,induction
2625,0.3086676670853238,172,foot
2626,0.3173064795540575,203,induction
2627,0.593889952317496,140,expectancy
2628,0.5113852557245354,260,monitoring
2629,0.3134540980023584,207,inhibition
2630,0.3149942530702441,207,inhibition
2631,0.4330688404944784,207,inhibition
2632,0.405689994625219,207,inhibition
2633,0.3902343862768934,207,inhibition
2634,0.3937316682473311,207,inhibition
2635,0.2805042174398011,260,monitoring
2636,0.3861731440442549,361,response_selection
2637,0.2413600309978121,270,motor_response
2638,0.2726120166914206,260,monitoring
2639,0.2150712022362997,260,monitoring
2640,0.3949436050519671,209,inhibitory_control
2641,0.4456475425560686,207,inhibition
2642,0.4205580332455607,207,inhibition
2643,0.4558651761303663,134,error
2644,0.5726999443436831,134,error
2645,0.8691955744981236,134,error
2646,0.375125155298418,89,default_mode
2647,0.4778799348550677,89,default_mode
2648,0.402496307908095,183,goals
2649,0.4039645141265872,134,error
2650,0.4424293805588264,134,error
2651,0.4456737527709672,134,error
2652,0.2649025465250068,181,goal
2653,0.2609287800668277,181,goal
2654,0.2322725949267728,181,goal
2655,0.347177594344256,183,goals
2656,0.2749737565922892,209,inhibitory_control
2657,0.2898138135186782,357,remembering
2658,0.1849267909331952,130,encoding_retrieval
2659,0.3035671083775486,130,encoding_retrieval
2660,0.3856190821406169,481,virtual
2661,0.3297468093838734,481,virtual
2662,0.3044388977866207,481,virtual
2663,0.3442885467997394,481,virtual
2664,0.2473880507000129,130,encoding_retrieval
2665,0.3198646035003094,130,encoding_retrieval
2666,0.2840266399329167,130,encoding_retrieval
2667,0.2915313630413277,130,encoding_retrieval
2668,0.3557921056057833,130,encoding_retrieval
2669,0.2997793464535251,228,learned
2670,0.7455443751294104,353,relational
2671,0.7339247873143859,311,place
2672,0.2407999076462476,293,objects
2673,0.434888538422026,291,object
2674,0.2729332619015193,466,unfamiliar
2675,0.2380403532789725,293,objects
2676,0.181303323550423,311,place
2677,0.4494766192088524,130,encoding_retrieval
2678,0.3299335250444466,130,encoding_retrieval
2679,0.2860508436292748,130,encoding_retrieval
2680,0.3290740123266925,228,learned
2681,0.300032927835923,287,nouns
2682,0.2159136097110068,287,nouns
2683,0.2166699476663368,287,nouns
2684,0.1713843602840594,170,fluency
2685,0.1888535642320273,506,written
2686,0.2089142998495378,506,written
2687,0.2365380491331913,506,written
2688,0.2249132252175824,506,written
2689,0.1577634390918462,506,written
2690,0.203650877331821,287,nouns
2691,0.1730803853304885,504,words
2692,0.2510449891819675,223,language
2693,0.2427475657964472,203,induction
2694,0.3534820422057648,172,foot
2695,0.5715247688280977,411,skin
2696,0.3388279239594272,105,discriminative
2697,0.6726560167643196,275,multisensory
2698,0.6546681920189832,254,mental_imagery
2699,0.5477526107702483,74,context
2700,0.3964424367960549,2,action
2701,0.5436175781097685,196,imagine
2702,0.3075359257747059,17,articulatory
2703,0.3093467702441677,500,word
2704,0.0892026732911322,287,nouns
2705,0.0374048925110962,170,fluency
2706,0.2348388691265416,170,fluency
2707,0.4743064423917132,170,fluency
2708,0.282918627874142,228,learned
2709,0.2477906067369972,228,learned
2710,0.2203173573601785,228,learned
2711,0.2582055293671113,228,learned
2712,0.2746145392976056,228,learned
2713,0.2807279576370493,249,memory_processes
2714,0.2473792382479912,130,encoding_retrieval
2715,0.1838981373299979,130,encoding_retrieval
2716,0.2437388317045142,256,mnemonic
2717,0.2434533264787428,356,remembered
2718,0.3770045879739852,132,episodic
2719,0.3174883020613973,468,valence
2720,0.2635587461277336,162,fearful
2721,0.5542378016932418,199,implicit
2722,0.2486302660739992,128,encoded
2723,0.0983218353468061,49,category
2724,0.2706130097201026,311,place
2725,0.3574431167797595,228,learned
2726,0.5658208985496883,353,relational
2727,0.3289879458709153,353,relational
2728,0.2467920840476302,506,written
2729,0.2993121115406018,201,incongruent
2730,0.3192886101489818,201,incongruent
2731,0.3507492853184379,340,reading
2732,0.2796925084939688,500,word
2733,0.8555838788848958,220,judgment
2734,0.1990918845124843,293,objects
2735,0.2291755291375955,47,categories
2736,0.2432643460422257,47,categories
2737,0.2693795505873248,311,place
2738,0.3710230039597365,130,encoding_retrieval
2739,0.362694417232836,130,encoding_retrieval
2740,0.1961086136080012,254,mental_imagery
2741,0.6478648929121484,5,addition
2742,0.3735420753760736,207,inhibition
2743,0.4275257705451976,207,inhibition
2744,0.4443321344036849,89,default_mode
2745,0.3175754259303813,89,default_mode
2746,0.3393154889503386,89,default_mode
2747,0.3418397546035664,89,default_mode
2748,0.3417651395627964,89,default_mode
2749,0.3626739715510516,89,default_mode
2750,0.3554759282705689,89,default_mode
2751,0.3491339756082024,89,default_mode
2752,0.3622748780884807,89,default_mode
2753,0.3654835444461277,89,default_mode
2754,0.3636488477023063,89,default_mode
2755,0.3489419460519848,209,inhibitory_control
2756,0.2762253931688544,89,default_mode
2757,0.230705158041048,415,social_cognitive
2758,0.5407734141167108,200,impulsivity
2759,0.3077552218019584,102,digit
2760,0.3993471078987137,323,preparation
2761,0.3413756242790603,270,motor_response
2762,0.2618654426450573,260,monitoring
2763,0.1648983511807215,260,monitoring
2764,0.5186069604499843,209,inhibitory_control
2765,0.4194229731094214,89,default_mode
2766,0.4189182768195804,181,goal
2767,0.3919938163276986,183,goals
2768,0.2947906846917897,183,goals
2769,0.4206696057342096,134,error
2770,0.235864736120897,207,inhibition
2771,0.3389500139436267,260,monitoring
2772,0.3306958908126585,270,motor_response
2773,0.3350076155443668,260,monitoring
2774,0.2923523758925149,267,motor_control
2775,0.3267325100649408,267,motor_control
2776,0.2245572719525912,327,primary_sensorimotor
2777,0.3451435728397045,327,primary_sensorimotor
2778,0.1384892570882775,78,coordination
2779,0.1586141067843672,170,fluency
2780,0.0769717427307428,287,nouns
2781,0.0914798574892148,170,fluency
2782,0.0411847872258283,170,fluency
2783,0.1884898861529124,170,fluency
2784,0.3451361191913661,130,encoding_retrieval
2785,0.2704325904710579,481,virtual
2786,0.21456612658002,280,navigation
2787,0.1756382015724034,344,recognition
2788,0.1674860953494296,311,place
2789,0.1702280701913989,311,place
2790,0.2254112524352228,311,place
2791,0.2855793849782115,130,encoding_retrieval
2792,0.1912632245514196,130,encoding_retrieval
2793,0.2143178246685314,311,place
2794,0.1932162070085479,49,category
2795,0.2533453032380429,130,encoding_retrieval
2796,0.333023515668447,129,encoding
2797,0.3143542119671695,228,learned
2798,0.2681970258988997,249,memory_processes
2799,0.2515761793548131,249,memory_processes
2800,0.2690332392327461,228,learned
2801,0.3007546241041792,345,recognition_memory
2802,0.1769201975088059,130,encoding_retrieval
2803,0.1389071857287429,130,encoding_retrieval
2804,0.3138704630168496,481,virtual
2805,0.1104655870998493,228,learned
2806,0.1117060165943298,249,memory_processes
2807,0.2530579120382011,228,learned
2808,0.23589279949239,228,learned
2809,0.2382612325165958,228,learned
2810,0.2076698353225635,228,learned
2811,0.21382539982279,228,learned
2812,0.3124398275711972,228,learned
2813,0.3757252121579728,446,sustained
2814,0.3324583617138092,323,preparation
2815,0.2860408726853241,270,motor_response
2816,0.6473869252244616,460,time_task
2817,0.3795443753622955,460,time_task
2818,0.499203873164157,460,time_task
2819,0.7554058809141168,460,time_task
2820,0.5538291016918516,89,default_mode
2821,0.274237673638698,89,default_mode
2822,0.1775712252050084,200,impulsivity
2823,0.1129513688098404,354,relevance
2824,0.1451471082056966,119,emotional_faces
2825,0.1516738731938563,307,photographs
2826,0.1560767676849416,133,episodic_memory
2827,0.1852839632723828,132,episodic
2828,0.178773566001216,357,remembering
2829,0.3031382934796263,130,encoding_retrieval
2830,0.1699748889302535,280,navigation
2831,0.2669237345577926,481,virtual
2832,0.2580764625091865,228,learned
2833,0.2349823552740256,228,learned
2834,0.2405946038762921,2,action
2835,0.144850833857963,208,inhibitory
2836,0.3154180104046692,207,inhibition
2837,0.293010782466676,208,inhibitory
2838,0.3973398344997224,260,monitoring
2839,0.2998041309803991,260,monitoring
2840,0.2885954833595307,260,monitoring
2841,0.2698821771672757,207,inhibition
2842,0.2689844908944829,207,inhibition
2843,0.23354534829026,207,inhibition
2844,0.2529495881923461,168,finger_tapping
2845,0.2130522696443291,503,word_recognition
2846,0.0859399823809871,504,words
2847,0.0806404361319211,287,nouns
2848,0.275579585195419,223,language
2849,0.1868303281723116,480,violations
2850,0.8054401123635344,160,familiarity
2851,0.1359783313611272,49,category
2852,0.2520555200007604,321,preference
2853,0.1711078724961326,347,recognize
2854,0.3562544459110844,330,prime
2855,0.2760988723109491,145,expression
2856,0.0772184802435089,8,anger
2857,0.1258642415705006,8,anger
2858,0.0897780840846564,8,anger
2859,0.1190068540073844,8,anger
2860,0.0801551637165959,8,anger
2861,0.146224006892379,433,spontaneous
2862,0.1752548867455437,433,spontaneous
2863,0.3127604914912665,304,personality
2864,0.6532021683667764,460,time_task
2865,0.2775281182110695,276,music
2866,0.2603850338345437,431,speech_production
2867,0.0998370644298929,234,lexical_decision
2868,0.11961289966158,233,lexical
2869,0.1620042792576956,234,lexical_decision
2870,0.3277062097707385,234,lexical_decision
2871,0.1163207612066212,431,speech_production
2872,0.4636116034005608,295,oral
2873,0.4635273527089413,295,oral
2874,0.4180355902960977,300,pain
2875,0.3329459187863446,285,nociceptive
2876,0.2987065194287344,172,foot
2877,0.1839618816734076,172,foot
2878,0.1593398265451224,172,foot
2879,0.1630073068936257,172,foot
2880,0.5217912421825349,207,inhibition
2881,0.6275906267207756,207,inhibition
2882,0.7038619486917546,460,time_task
2883,0.4709399340616832,207,inhibition
2884,0.3366108577489627,271,motor_responses
2885,0.2227770523355324,197,imagined
2886,0.3697840953578532,170,fluency
2887,0.2550261481120709,228,learned
2888,0.1753337273766421,228,learned
2889,0.2047481960768225,228,learned
2890,0.1914513946494568,130,encoding_retrieval
2891,0.167223155890853,130,encoding_retrieval
2892,0.2163343982264741,130,encoding_retrieval
2893,0.2773321875590243,256,mnemonic
2894,0.2814493877598199,256,mnemonic
2895,0.1644194630184934,130,encoding_retrieval
2896,0.1333196071806502,130,encoding_retrieval
2897,0.1402770599455878,129,encoding
2898,0.2377096108075659,130,encoding_retrieval
2899,0.2569394999803094,129,encoding
2900,0.1356651031038981,280,navigation
2901,0.1128338364177994,153,face
2902,0.0788526182137379,155,faces
2903,0.2339491964289898,145,expression
2904,0.245359961627258,33,autobiographical_memory
2905,0.301818037632881,356,remembered
2906,0.1865449742090138,228,learned
2907,0.1818272587121072,228,learned
2908,0.290197666829676,362,retention
2909,0.2415196928044544,362,retention
2910,0.3429744775724976,481,virtual
2911,0.1825789143571614,130,encoding_retrieval
2912,0.2728705724064203,256,mnemonic
2913,0.1097040778798206,130,encoding_retrieval
2914,0.2046837437910799,256,mnemonic
2915,0.6364527543239894,308,picture
2916,0.3438074881857603,56,color
2917,0.2570585488880686,366,reward_anticipation
2918,0.2274660342856062,433,spontaneous
2919,0.1535201669977764,89,default_mode
2920,0.1398580327739787,413,social
2921,0.1170238142008109,8,anger
2922,0.4561709744675074,145,expression
2923,0.2981145682486937,356,remembered
2924,0.2000608215524187,128,encoded
2925,0.160400919295696,133,episodic_memory
2926,0.3978438698846051,25,attention_task
2927,0.5707776101638681,214,integrative
2928,0.5734151387813756,142,expectations
2929,0.3924967659288711,294,oddball
2930,0.1987928815586077,30,auditory_stimuli
2931,0.219093934486401,237,listened
2932,0.2579993738343344,325,primary_auditory
2933,0.2632269470013147,1,acoustic
2934,0.3461178419586332,460,time_task
2935,0.510184124551896,207,inhibition
2936,0.4093935550324808,138,executive_function
2937,0.3731411239884152,418,solving
2938,0.51599506379954,181,goal
2939,0.2884075084264779,366,reward_anticipation
2940,0.3638807992587363,366,reward_anticipation
2941,0.2628200544086807,304,personality
2942,0.1653496852349592,89,default_mode
2943,0.1525016054130629,8,anger
2944,0.2046124237739699,89,default_mode
2945,0.2518694031961022,200,impulsivity
2946,0.2796314837338988,304,personality
2947,0.4166003621940181,304,personality
2948,0.4094018828985525,304,personality
2949,0.6929521874215637,153,face
2950,0.2542329877110859,308,picture
2951,0.1370838881369818,49,category
2952,0.3512025336413825,481,virtual
2953,0.1719497432028446,481,virtual
2954,0.0950582327824257,280,navigation
2955,0.1779774928812007,344,recognition
2956,0.7648946528028511,153,face
2957,0.1747474356501421,153,face
2958,0.1517893139641228,155,faces
2959,0.3073226084832366,9,angry
2960,0.3774156072468296,190,head
2961,0.4334144570474473,190,head
2962,0.7848482208331219,190,head
2963,0.5603043977814036,5,addition
2964,0.2743503149677124,276,music
2965,0.191572663818191,238,listening
2966,0.5248816577856363,207,inhibition
2967,0.5853972962993244,207,inhibition
2968,0.3711939263771232,126,empathy
2969,0.2852958562481468,428,speaking
2970,0.2001282107706369,396,sentence_comprehension
2971,0.1988782042506248,335,pseudowords
2972,0.1910834031743163,506,written
2973,0.2042199344221948,506,written
2974,0.1826609220794312,506,written
2975,0.2012269116162984,170,fluency
2976,0.2311923547718164,170,fluency
2977,0.1877912457711714,170,fluency
2978,0.1432449413481584,170,fluency
2979,0.08763869389581,170,fluency
2980,0.053724113034808,170,fluency
2981,0.260789331639211,170,fluency
2982,0.1971940975878833,170,fluency
2983,0.1510916348756152,170,fluency
2984,0.1883366234305915,170,fluency
2985,0.1897815629229677,170,fluency
2986,0.2060676292178796,170,fluency
2987,0.230565635485429,506,written
2988,0.3676985540526896,432,spoken
2989,0.3371924211085176,475,verbs
2990,0.2162085306051665,234,lexical_decision
2991,0.0223452894854199,86,decision_task
2992,0.0269750158030609,287,nouns
2993,0.1211131806790588,506,written
2994,0.1318775006877177,170,fluency
2995,0.3900167905545733,170,fluency
2996,0.2888871656691808,228,learned
2997,0.4702892261804427,170,fluency
2998,0.2210876531797982,362,retention
2999,0.3741245960609282,140,expectancy
3000,0.4621213075817595,207,inhibition
3001,0.3025246217316006,181,goal
3002,0.3193795946207984,89,default_mode
3003,0.3066276159109644,89,default_mode
3004,0.3130240862521166,89,default_mode
3005,0.2985691664793447,304,personality
3006,0.2966862875680579,304,personality
3007,0.209762998437563,304,personality
3008,0.1498163405352421,304,personality
3009,0.1419395050134052,304,personality
3010,0.1407858684069787,304,personality
3011,0.4494410154260548,181,goal
3012,0.3648963656190185,300,pain
3013,0.4027080800800411,380,secondary_somatosensory
3014,0.3577265531686263,270,motor_response
3015,0.2307394819389093,260,monitoring
3016,0.1575167667965043,208,inhibitory
3017,0.3576421806615626,207,inhibition
3018,0.4381858264589632,183,goals
3019,0.5257627031081069,89,default_mode
3020,0.5191996064914188,89,default_mode
3021,0.3950422324042497,89,default_mode
3022,0.4306563038026934,89,default_mode
3023,0.450224711256888,181,goal
3024,0.3518147568156649,183,goals
3025,0.3560187683286759,183,goals
3026,0.4042395113686856,183,goals
3027,0.4524244254420979,134,error
3028,0.4605950026276596,134,error
3029,0.4293055026975938,134,error
3030,0.4346929157520336,134,error
3031,0.2402855696283468,134,error
3032,0.3015046062632471,502,word_pairs
3033,0.2587111215058834,129,encoding
3034,0.231464743467554,481,virtual
3035,0.1314043652616541,311,place
3036,0.3075081211411904,130,encoding_retrieval
3037,0.271900226231788,130,encoding_retrieval
3038,0.1227880317304288,311,place
3039,0.1974591985133646,49,category
3040,0.3831864999241023,308,picture
3041,0.5189916775992698,308,picture
3042,0.1274938274293624,311,place
3043,0.224327264843946,344,recognition
3044,0.1779198329588439,153,face
3045,0.1156838783815091,307,photographs
3046,0.1790934148155672,307,photographs
3047,0.125083105960083,307,photographs
3048,0.1779460514458696,296,orientation
3049,0.1874026405140834,296,orientation
3050,0.1072141595421912,307,photographs
3051,0.3777695586260592,46,capture
3052,0.248804952429779,106,disgust
3053,0.6574916890685846,322,preferences
3054,0.415399187861718,425,spatial_information
3055,0.3178321631102924,49,category
3056,0.3874931405619443,291,object
3057,0.1372452540438583,280,navigation
3058,0.1615695628633941,128,encoded
3059,0.3015085385781876,49,category
3060,0.414210657558721,291,object
3061,0.5359189722723792,425,spatial_information
3062,0.2104944342139675,321,preference
3063,0.4907099536141299,156,facial
3064,0.2423868033331978,128,encoded
3065,0.2429998476806755,130,encoding_retrieval
3066,0.2781166457921226,130,encoding_retrieval
3067,0.2580290304203113,130,encoding_retrieval
3068,0.2312280327511348,130,encoding_retrieval
3069,0.3268606351876351,129,encoding
3070,0.2051543998763692,228,learned
3071,0.3642195066942716,130,encoding_retrieval
3072,0.3781548313372314,362,retention
3073,0.3126039201661959,130,encoding_retrieval
3074,0.3230787382538344,130,encoding_retrieval
3075,0.2042714314161201,228,learned
3076,0.32241433808139,345,recognition_memory
3077,0.2883667570921096,130,encoding_retrieval
3078,0.3484843953400289,130,encoding_retrieval
3079,0.0692046846822622,49,category
3080,0.5795129088776466,422,space
3081,0.2029555679010362,347,recognize
3082,0.1142546683398346,153,face
3083,0.4175998296020128,153,face
3084,0.3248516121535508,481,virtual
3085,0.34373875387709,481,virtual
3086,0.3353173388327674,481,virtual
3087,0.3199904825456444,481,virtual
3088,0.3230503626453617,481,virtual
3089,0.1712611233333282,311,place
3090,0.1454467574402957,49,category
3091,0.7029669730100515,308,picture
3092,0.1933723346178169,366,reward_anticipation
3093,0.3467880261406028,258,monetary_reward
3094,0.1660692835842641,181,goal
3095,0.1737090352200994,181,goal
3096,0.4357503779443741,89,default_mode
3097,0.2922250701761809,181,goal
3098,0.4754880270955017,89,default_mode
3099,0.3693128875895954,89,default_mode
3100,0.353221163163675,89,default_mode
3101,0.3472008898075574,89,default_mode
3102,0.3121421856668459,89,default_mode
3103,0.3521695945900482,304,personality
3104,0.2904286286173214,366,reward_anticipation
3105,0.2190186938828384,366,reward_anticipation
3106,0.3948748618683448,354,relevance
3107,0.4518683155697347,304,personality
3108,0.470504219591238,304,personality
3109,0.2452984261416508,304,personality
3110,0.1769727286084651,304,personality
3111,0.2024701501370448,89,default_mode
3112,0.3759042833509612,89,default_mode
3113,0.4729032463930035,134,error
3114,0.5375142693368874,207,inhibition
3115,0.3275954541483593,208,inhibitory
3116,0.4640227227307412,361,response_selection
3117,0.3941195231488208,207,inhibition
3118,0.6109220780842928,460,time_task
3119,0.2646779574904926,135,errors
3120,0.2054462634197779,177,gambling
3121,0.2294828710831218,412,sleep
3122,0.5273849664156017,313,placebo_controlled
3123,0.3386607349544224,140,expectancy
3124,0.3147917948056632,137,executive_control
3125,0.1716416124979483,247,memory_load
3126,0.1631250768670413,271,motor_responses
3127,0.2433715816959234,270,motor_response
3128,0.2539850597448219,207,inhibition
3129,0.6229269933340478,207,inhibition
3130,0.4039889458053212,183,goals
3131,0.4016091142199193,134,error
3132,0.406347359386108,444,suffering
3133,0.3155615578142933,258,monetary_reward
3134,0.2658208475487457,177,gambling
3135,0.3064820854375955,470,values
3136,0.3815886857792568,258,monetary_reward
3137,0.4882035831600372,444,suffering
3138,0.3167798121796516,304,personality
3139,0.30328121128578,304,personality
3140,0.3584875361051286,304,personality
3141,0.2357695275320999,181,goal
3142,0.5362736955298746,460,time_task
3143,0.255426262279312,140,expectancy
3144,0.433182065468179,53,cognitive_control
3145,0.2511279423362611,443,success
3146,0.242496655245186,219,interference
3147,0.2110573997036604,108,distractor
3148,0.2229661275446692,405,shifting
3149,0.5294553525130549,210,integrate
3150,0.8307106289015944,62,concepts
3151,0.2307665089885335,47,categories
3152,0.3925381145417145,130,encoding_retrieval
3153,0.3053897610438414,130,encoding_retrieval
3154,0.2835939402834092,129,encoding
3155,0.2846847679589059,130,encoding_retrieval
3156,0.2828087184904541,345,recognition_memory
3157,0.2732895540683918,345,recognition_memory
3158,0.3067118288425487,362,retention
3159,0.7735255008925923,254,mental_imagery
3160,0.3771886499396032,353,relational
3161,0.3558704228827283,500,word
3162,0.4010669841362224,353,relational
3163,0.3928101990487233,293,objects
3164,0.6286737119185728,130,encoding_retrieval
3165,0.1262763638488825,47,categories
3166,0.2998970199503248,47,categories
3167,0.0970284336905731,344,recognition
3168,0.094323867215973,311,place
3169,0.0969960722606032,344,recognition
3170,0.3609518556527248,308,picture
3171,0.1020400541508836,311,place
3172,0.0913738857205144,311,place
3173,0.5175841253004071,130,encoding_retrieval
3174,0.4607747548238641,481,virtual
3175,0.434460485408234,130,encoding_retrieval
3176,0.6018613255696366,353,relational
3177,0.4413010900045617,481,virtual
3178,0.4586057601716663,353,relational
3179,0.4228394688999715,299,orthographic
3180,0.7566830896990039,160,familiarity
3181,0.2884239468226726,287,nouns
3182,0.2296408301877995,86,decision_task
3183,0.3061700789798726,170,fluency
3184,0.0779168979095072,170,fluency
3185,0.119529734328726,287,nouns
3186,0.1209832762603886,287,nouns
3187,0.1491013633831548,170,fluency
3188,0.201715475382698,170,fluency
3189,0.364176001338844,353,relational
3190,0.3039966667584619,44,calculation
3191,0.2331490917349965,375,saccade
3192,0.4019782397708382,209,inhibitory_control
3193,0.2968718141952924,207,inhibition
3194,0.5275762156284544,361,response_selection
3195,0.3580216860822022,167,finger_movements
3196,0.2885068439698595,78,coordination
3197,0.4521680718888668,197,imagined
3198,0.1909006252930634,228,learned
3199,0.3391058183639033,256,mnemonic
3200,0.3190450154219624,256,mnemonic
3201,0.2966068966389267,256,mnemonic
3202,0.2563985834113646,481,virtual
3203,0.2540171679990076,481,virtual
3204,0.1358364830297122,311,place
3205,0.3435377335664341,293,objects
3206,0.3410564159015629,293,objects
3207,0.3378155119715831,481,virtual
3208,0.540677874812042,291,object
3209,0.3328013821536923,417,social_interactions
3210,0.4511984470420465,304,personality
3211,0.2630563537041172,89,default_mode
3212,0.1520445843683221,89,default_mode
3213,0.1946983641042784,304,personality
3214,0.0896220975718213,200,impulsivity
3215,0.1008100474232724,89,default_mode
3216,0.2903702592758408,304,personality
3217,0.0846752028441285,89,default_mode
3218,0.3917620001814773,177,gambling
3219,0.400019127247861,33,autobiographical_memory
3220,0.2126433863973054,130,encoding_retrieval
3221,0.3287607670589569,228,learned
3222,0.2831941006432502,228,learned
3223,0.3593290124471208,170,fluency
3224,0.3794073520920389,170,fluency
3225,0.1175280633110868,436,strategic
3226,0.332703323503088,156,facial
3227,0.4837189609113267,156,facial
3228,0.3587013285401848,455,theory_mind
3229,0.1903924278223997,90,default_network
3230,0.3934805464052126,222,judgments
3231,0.9554786894870224,53,cognitive_control
3232,0.1937251101713352,205,inferences
3233,0.5010726770333972,251,memory_task
3234,0.2803606816307467,260,monitoring
3235,0.2587601180616256,208,inhibitory
3236,0.2695458429615068,208,inhibitory
3237,0.1748781749169523,270,motor_response
3238,0.4291426362608354,442,subtraction
3239,0.1724650603290135,437,strategies
3240,0.1386286336664012,252,memory_tasks
3241,0.1632019265448636,252,memory_tasks
3242,0.064905104783217,170,fluency
3243,0.4148042096387793,223,language
3244,0.313220198567143,430,speech_perception
3245,0.3254703618981915,325,primary_auditory
3246,0.5083503846208474,57,communication
3247,0.3123818174357312,89,default_mode
3248,0.2021466760334633,89,default_mode
3249,0.1230276228825741,89,default_mode
3250,0.0596578527026424,89,default_mode
3251,0.1313281391197705,304,personality
3252,0.3220028770958528,304,personality
3253,0.3472048812881508,304,personality
3254,0.4054199814402003,258,monetary_reward
3255,0.317820615438605,312,placebo
3256,0.269566662512654,172,foot
3257,0.2634553488830853,168,finger_tapping
3258,0.3668536702308798,228,learned
3259,0.3193957806662218,345,recognition_memory
3260,0.2467548976483313,228,learned
3261,0.3801629278488764,170,fluency
3262,0.2235420755235016,252,memory_tasks
3263,0.3426522478759509,474,verbal_working
3264,0.3767226364326436,78,coordination
3265,0.4071236049049809,172,foot
3266,0.3404704890947889,260,monitoring
3267,0.1711356093420254,208,inhibitory
3268,0.2918482092978973,207,inhibition
3269,0.5346383626053985,89,default_mode
3270,0.3773198059688714,89,default_mode
3271,0.3554118460435272,89,default_mode
3272,0.384479059789033,89,default_mode
3273,0.5040345221708351,89,default_mode
3274,0.4832301240588214,304,personality
3275,0.489235687196938,304,personality
3276,0.2270910216887325,181,goal
3277,0.2885423052724771,183,goals
3278,0.4248735889515899,134,error
3279,0.4923103836032958,209,inhibitory_control
3280,0.3287711674082267,207,inhibition
3281,0.1226163845532186,327,primary_sensorimotor
3282,0.1440547826298772,346,recognition_task
3283,0.1669934520930672,249,memory_processes
3284,0.1796191258048477,280,navigation
3285,0.5634787517734868,308,picture
3286,0.2145862624411428,153,face
3287,0.1404218914103298,193,identification
3288,0.1470889820080543,193,identification
3289,0.130042744413403,193,identification
3290,0.2014719679585916,193,identification
3291,0.1907883087005391,307,photographs
3292,0.1990542385514872,193,identification
3293,0.5192465297249355,321,preference
3294,0.1935064967245182,153,face
3295,0.4672814602639842,153,face
3296,0.4317942069354344,153,face
3297,0.1933876344482168,153,face
3298,0.7042358952982253,321,preference
3299,0.4542461184525797,347,recognize
3300,0.2431977705932686,47,categories
3301,0.0781341178231669,49,category
3302,0.3063934426508183,130,encoding_retrieval
3303,0.2629617844139062,130,encoding_retrieval
3304,0.2377305700782373,314,planning
3305,0.8716917684054764,314,planning
3306,0.831995658100401,167,finger_movements
3307,0.391175155365854,167,finger_movements
3308,0.3213465286634753,185,hand
3309,0.3351809105688094,270,motor_response
3310,0.3018640795701597,102,digit
3311,0.2284689304102288,425,spatial_information
3312,0.1971565236677848,311,place
3313,0.2996612423475543,228,learned
3314,0.2860175003038784,228,learned
3315,0.4473858688902286,130,encoding_retrieval
3316,0.5889182449588533,362,retention
3317,0.4076175741721532,130,encoding_retrieval
3318,0.4943019929318014,362,retention
3319,0.697933026732781,254,mental_imagery
3320,0.3903766356797056,353,relational
3321,0.3293863739709991,353,relational
3322,0.2265556753727508,210,integrate
3323,0.1354093583424303,101,detection_task
3324,0.170365525021024,489,visual_perception
3325,0.2551829455650755,49,category
3326,0.2386925470488104,228,learned
3327,0.3246576279191656,362,retention
3328,0.2802481462091872,170,fluency
3329,0.1691440551354772,170,fluency
3330,0.2405093971772071,252,memory_tasks
3331,0.332409604919287,353,relational
3332,0.3462156505269909,353,relational
3333,0.3473836729427366,353,relational
3334,0.2601969464343883,252,memory_tasks
3335,0.1883758048918484,506,written
3336,0.1475670529524012,252,memory_tasks
3337,0.1092465508888411,82,cued
3338,0.3044357812460342,167,finger_movements
3339,0.19766803538065,327,primary_sensorimotor
3340,0.2676021225959005,267,motor_control
3341,0.2526248488457097,267,motor_control
3342,0.4252630796721441,167,finger_movements
3343,0.6385817735959509,460,time_task
3344,0.457443178527385,304,personality
3345,0.4250564746310056,89,default_mode
3346,0.4744763776728192,89,default_mode
3347,0.3925833708840548,366,reward_anticipation
3348,0.3658037877622464,105,discriminative
3349,0.2117954647679612,1,acoustic
3350,0.3454551571578889,277,musical
3351,0.6805687152083594,460,time_task
3352,0.6274002412407006,262,moral
3353,0.2348548253122648,89,default_mode
3354,0.1154205829181574,89,default_mode
3355,0.2939223292181669,35,aversive
3356,0.4594522694929623,458,thoughts
3357,0.4908124993256839,463,tone
3358,0.1701181684926937,428,speaking
3359,0.2639114901176086,428,speaking
3360,0.3658742917614938,429,speech
3361,0.4382746935448917,164,feeling
3362,0.4300533284749144,310,pitch
3363,0.3236984715329359,237,listened
3364,0.4124742944651034,506,written
3365,0.3635032946500891,170,fluency
3366,0.3688924713120111,170,fluency
3367,0.301906372702214,228,learned
3368,0.3741828614564588,130,encoding_retrieval
3369,0.3588134520947792,481,virtual
3370,0.3466806637824369,130,encoding_retrieval
3371,0.2533443619648598,228,learned
3372,0.4135680126188457,345,recognition_memory
3373,0.5730721978318277,170,fluency
3374,0.27827692744617,170,fluency
3375,0.4367567644513782,170,fluency
3376,0.4910155509482012,130,encoding_retrieval
3377,0.2800711997494733,170,fluency
3378,0.2952882833012036,170,fluency
3379,0.1730603643638491,170,fluency
3380,0.0718367915502701,170,fluency
3381,0.2010113496977022,170,fluency
3382,0.2996605559632437,252,memory_tasks
3383,0.3077318875134393,362,retention
3384,0.2628934962906903,481,virtual
3385,0.3088314940578857,130,encoding_retrieval
3386,0.1673389692090512,130,encoding_retrieval
3387,0.15596830039903,130,encoding_retrieval
3388,0.1380167809362278,130,encoding_retrieval
3389,0.2018164268908191,256,mnemonic
3390,0.2109063242395112,436,strategic
3391,0.1365147145527673,363,retrieval
3392,0.0967854847668747,129,encoding
3393,0.2399007892288076,228,learned
3394,0.1923688792284562,228,learned
3395,0.245399359577842,228,learned
3396,0.3104256615181939,130,encoding_retrieval
3397,0.2556001518805536,130,encoding_retrieval
3398,0.2837490268522483,481,virtual
3399,0.279355843771609,481,virtual
3400,0.1669606837739851,130,encoding_retrieval
3401,0.1496709125270206,130,encoding_retrieval
3402,0.2509346910828791,130,encoding_retrieval
3403,0.3627785844531736,350,recollection
3404,0.3207133173851526,350,recollection
3405,0.2633460548114275,133,episodic_memory
3406,0.253120242570716,350,recollection
3407,0.347737161130246,350,recollection
3408,0.7110451384107715,176,gains
3409,0.2966970614313315,134,error
3410,0.2995219233096228,85,decision_making
3411,0.3305163492201661,183,goals
3412,0.2262142473499204,258,monetary_reward
3413,0.2852230778991274,258,monetary_reward
3414,0.4588643176849228,366,reward_anticipation
3415,0.4149144871457959,366,reward_anticipation
3416,0.4085672148416313,304,personality
3417,0.4009333088854312,200,impulsivity
3418,0.2145664791380804,304,personality
3419,0.3326182640831463,304,personality
3420,0.3578922074605555,304,personality
3421,0.209342098906995,304,personality
3422,0.3660576785658058,304,personality
3423,0.0589905037774424,304,personality
3424,0.4793201056983325,366,reward_anticipation
3425,0.7230183784191424,411,skin
3426,0.4822941952928838,366,reward_anticipation
3427,0.3371364078288145,376,saccades
3428,0.0603710445683302,291,object
3429,0.1938625022167887,481,virtual
3430,0.2942228656984883,245,memory
3431,0.2003603762218345,256,mnemonic
3432,0.2374102507498162,256,mnemonic
3433,0.2669358496073484,256,mnemonic
3434,0.2099925848841409,33,autobiographical_memory
3435,0.5310901079154458,304,personality
3436,0.1809308561855226,89,default_mode
3437,0.055927944062685,200,impulsivity
3438,0.5116162556779296,162,fearful
3439,0.4335904008307379,308,picture
3440,0.2995049612914492,481,virtual
3441,0.260136148768419,130,encoding_retrieval
3442,0.263751679127008,130,encoding_retrieval
3443,0.390278112754158,345,recognition_memory
3444,0.3154419795464873,228,learned
3445,0.3986450456904168,170,fluency
3446,0.2532662034020472,223,language
3447,0.3606863272756752,428,speaking
3448,0.2446183323562351,238,listening
3449,0.3454880023943307,209,inhibitory_control
3450,0.4002684545164874,207,inhibition
3451,0.54465897793967,89,default_mode
3452,0.5313430281407069,262,moral
3453,0.5198782873686905,262,moral
3454,0.4317567347739665,209,inhibitory_control
3455,0.318583408641772,209,inhibitory_control
3456,0.5032740646288343,209,inhibitory_control
3457,0.3143081293792262,209,inhibitory_control
3458,0.5275205846860517,89,default_mode
3459,0.4601617849745048,134,error
3460,0.3242031248281581,134,error
3461,0.1541687182253836,134,error
3462,0.2450375651036224,182,goal_directed
3463,0.2429756104954,134,error
3464,0.4779393513354009,207,inhibition
3465,0.4265066912006668,134,error
3466,0.2361195435113205,134,error
3467,0.4907978644407957,207,inhibition
3468,0.5433936757750171,460,time_task
3469,0.380944322607,134,error
3470,0.4035733071980719,460,time_task
3471,0.069130705876442,265,motivational
3472,0.5249213808746989,412,sleep
3473,0.2135189257285908,436,strategic
3474,0.2584230963361297,256,mnemonic
3475,0.5067146479594732,19,associations
3476,0.5856982027333513,19,associations
3477,0.3235606888063816,189,happy_faces
3478,0.1489062984396439,244,memories
3479,0.2779083634418694,244,memories
3480,0.2820748064989654,19,associations
3481,0.467405127577553,189,happy_faces
3482,0.1574442792795362,200,impulsivity
3483,0.1673221838608454,200,impulsivity
3484,0.1748336083338044,413,social
3485,0.1674204797310732,413,social
3486,0.1616121684086011,89,default_mode
3487,0.1634021556482407,89,default_mode
3488,0.1526237439382727,89,default_mode
3489,0.1666542018388288,200,impulsivity
3490,0.0635325317197318,200,impulsivity
3491,0.0830052079898794,354,relevance
3492,0.4957069168424289,157,facial_expression
3493,0.2133851677520156,311,place
3494,0.3310347725794252,481,virtual
3495,0.2801076081792009,130,encoding_retrieval
3496,0.3155491388271683,130,encoding_retrieval
3497,0.4763610527474589,481,virtual
3498,0.3088906867447107,47,categories
3499,0.2574892283725971,291,object
3500,0.4532578174672506,349,recognizing
3501,0.3129507835974306,500,word
3502,0.2913703567245447,500,word
3503,0.6632372095079141,362,retention
3504,0.1941347945296438,237,listened
3505,0.3660369779879561,207,inhibition
3506,0.5370609209498758,207,inhibition
3507,0.668845024842787,460,time_task
3508,0.4709805615083727,181,goal
3509,0.2174121788507527,181,goal
3510,0.5543289062386393,411,skin
3511,0.6091767563731643,460,time_task
3512,0.1211087109947536,78,coordination
3513,0.298030770638852,399,sequences
3514,0.4910953573980605,353,relational
3515,0.3310694525326023,249,memory_processes
3516,0.3851915985202189,130,encoding_retrieval
3517,0.3219002676688346,481,virtual
3518,0.1919373262932801,311,place
3519,0.2189450163824441,311,place
3520,0.2920056454719112,481,virtual
3521,0.3264333561675737,130,encoding_retrieval
3522,0.3208579054338378,228,learned
3523,0.219691506565967,287,nouns
3524,0.1466668885426849,504,words
3525,0.2898068528485065,287,nouns
3526,0.3310796266430045,506,written
3527,0.2733424347854936,228,learned
3528,0.3316678814373061,130,encoding_retrieval
3529,0.110542367799502,47,categories
3530,0.4894587074208599,275,multisensory
3531,0.8270286405154259,125,empathic
3532,0.7511734687922376,209,inhibitory_control
3533,0.5864184802349924,134,error
3534,0.2365225963332229,1,acoustic
3535,0.3590128435329598,192,hearing
3536,0.1553450457117526,287,nouns
3537,0.1928469602158333,252,memory_tasks
3538,0.5025114098091068,201,incongruent
3539,0.4192410821455882,394,sensory_motor
3540,0.3916011659378282,270,motor_response
3541,0.2508618620403863,260,monitoring
3542,0.456638642799772,207,inhibition
3543,0.453665948485582,134,error
3544,0.2949117249855081,181,goal
3545,0.4006676099195076,89,default_mode
3546,0.395417221747862,89,default_mode
3547,0.4061864370517679,89,default_mode
3548,0.3800041383089743,89,default_mode
3549,0.3610332864915383,89,default_mode
3550,0.3627084176331994,89,default_mode
3551,0.2681142123463582,181,goal
3552,0.229200867279093,183,goals
3553,0.3849963988745007,134,error
3554,0.4240197602223008,207,inhibition
3555,0.2407900026777807,208,inhibitory
3556,0.2423458243344478,260,monitoring
3557,0.156110517453148,498,wm
3558,0.3619272418366932,228,learned
3559,0.1767937346452963,130,encoding_retrieval
3560,0.1992018799580123,130,encoding_retrieval
3561,0.2923691987712253,130,encoding_retrieval
3562,0.2501842676266617,481,virtual
3563,0.2679130863777648,481,virtual
3564,0.2296001526792176,481,virtual
3565,0.306012389099846,130,encoding_retrieval
3566,0.2865632431788498,228,learned
3567,0.3517613467119047,170,fluency
3568,0.3652450173771782,170,fluency
3569,0.2856009028433452,249,memory_processes
3570,0.4813248723573197,130,encoding_retrieval
3571,0.2345679344601663,49,category
3572,0.4148539893928659,425,spatial_information
3573,0.335123828812205,484,visual_attention
3574,0.2850519552106367,485,visual_auditory
3575,0.482108422345267,3,action_observation
3576,0.2739267038821009,231,letter
3577,0.4052473687459316,127,encode
3578,0.5418412811650397,353,relational
3579,0.301782495674374,170,fluency
3580,0.062755333633405,170,fluency
3581,0.0862264724762803,506,written
3582,0.0935699848384653,504,words
3583,0.0628904397580231,170,fluency
3584,0.0374513083929193,287,nouns
3585,0.1160683149475192,287,nouns
3586,0.072220826674279,170,fluency
3587,0.038282209343601,86,decision_task
3588,0.0344948011595282,86,decision_task
3589,0.0121957438337949,287,nouns
3590,0.092960069721374,504,words
3591,0.0767201226439151,504,words
3592,0.0947182257411652,287,nouns
3593,0.3520225842763314,77,control_processes
3594,0.508846149839946,140,expectancy
3595,0.2984393525092713,134,error
3596,0.2786101549533196,183,goals
3597,0.4640570441177737,141,expectation
3598,0.1049350416367283,275,multisensory
3599,0.5790068411221794,3,action_observation
3600,0.4185691983409605,2,action
3601,0.20220348406053,2,action
3602,0.5771715566646454,465,touch
3603,0.3105485941172309,144,exploration
3604,0.0830636719339397,485,visual_auditory
3605,0.4051971720122981,485,visual_auditory
3606,0.4025738054855719,173,form
3607,0.3210400826701416,311,place
3608,0.2004024378641746,228,learned
3609,0.3009124946713709,228,learned
3610,0.4312277893946925,506,written
3611,0.348862040956813,228,learned
3612,0.2783899346516011,228,learned
3613,0.1372858875817112,228,learned
3614,0.3446992431978821,481,virtual
3615,0.3087054768866367,256,mnemonic
3616,0.2401802328786941,280,navigation
3617,0.4330464471413561,350,recollection
3618,0.2732496120508308,481,virtual
3619,0.3733122241527236,132,episodic
3620,0.2241028748465669,468,valence
3621,0.3407435359218934,145,expression
3622,0.5353412509543991,46,capture
3623,0.9951733040026024,158,facial_expressions
3624,0.1511717016035579,49,category
3625,0.4018155309493421,130,encoding_retrieval
3626,0.2386200959147768,228,learned
3627,0.3911329893299858,353,relational
3628,0.2471320810682386,506,written
3629,0.1749469305745148,353,relational
3630,0.4728345771674881,17,articulatory
3631,0.2511044058689873,234,lexical_decision
3632,0.0709437791642994,170,fluency
3633,0.1536550525551853,506,written
3634,0.0774906306758173,287,nouns
3635,0.2996779397183221,500,word
3636,0.3783335285719564,228,learned
3637,0.3665002733179802,228,learned
3638,0.2880501288993959,228,learned
3639,0.486064887903958,170,fluency
3640,0.1948699581053696,170,fluency
3641,0.3232051540861276,353,relational
3642,0.3434515302362328,270,motor_response
3643,0.41102137478361,207,inhibition
3644,0.4575573911856966,89,default_mode
3645,0.3530312879834082,89,default_mode
3646,0.3067872265782697,89,default_mode
3647,0.2072972416158601,89,default_mode
3648,0.2054027664418564,89,default_mode
3649,0.3505208728515485,89,default_mode
3650,0.3412791370761401,89,default_mode
3651,0.3390819506725518,89,default_mode
3652,0.3397644601672708,89,default_mode
3653,0.3310945921632551,89,default_mode
3654,0.3255101811536829,89,default_mode
3655,0.3604762165197684,89,default_mode
